PDatTime;Age;ACIDT;AIR_T;BASET;CO2_T;EXT_1;EXT_2;FOLET;O2_T;SUBST;WEIGH;AIR;O2;pH;pO2;STIRR;SUBS;TEMP
;;Value;Value;Value;Value;Value;Value;Value;Value;Value;Value;Value;Value;Value;Value;Value;Value;Value
;(h);(ml);(l);(ml);(l);(%);(%);(ml);(l);(ml);(kg);(%);(%);(pH);(%);(rpm);(%);(°C)
02.03.2021 12:17;0;;;;;;;;;;;;;;;;;
02.03.2021 12:22;8,33E-02;12,1;0;15,95;0;0,01;0;2;0;0;0;0;0;6,996049834;103,7266026;373,0579407;0;29,33287375
02.03.2021 12:27;0,166666667;12,1;0;15,95;0;0,01;4,83E-03;2;0;0;0;0;0;6,997352081;103,5768701;404,7222901;0;29,31725831
02.03.2021 12:32;0,25;12,1;0;15,95;0;5,18E-03;1,00E-02;2;0;0;0;0;0;7,010672338;103,7416736;404,8540494;0;29,36113787
02.03.2021 12:37;0,333333333;12,1;0;15,95;0;1,99E-06;0,005198;2;0;0;0;0;0;7,020956812;103,2435134;404,9954456;0;29,44320305
02.03.2021 12:42;0,416666667;12,1;0;15,95;0;4,79E-03;2,00E-06;2;0;0;0;0;0;7,024392623;103,2643821;404,9955;0;29,54741456
02.03.2021 12:47;0,5;12,1;0;15,95;0;5,24E-03;4,75E-03;2;0;0;0;0;0;7,027473998;103,6280996;405,1252717;0;29,64561902
02.03.2021 12:52;0,583333333;12,1;0;15,95;0;4,74E-03;5,26E-03;2;0;0;0;0;0;7,03463129;103,3875446;405,2684033;0;29,72760542
02.03.2021 12:57;0,666666667;12,1;0;15,95;0;1,00E-02;3,56E-06;2;0;0;0;0;0;7,041522907;102,9445084;405,2685;0;29,80329491
02.03.2021 13:02;0,75;12,1;0;15,95;0;5,31E-03;0;2;0;0;0;0;0;7,045220432;103,121242;405,4605092;0;29,86310631
02.03.2021 13:07;0,833333333;12,14672222;0;15,95;0;5,54E-06;4,67E-03;2;0;0;0;0;0;7,052331128;102,6479628;405,4864458;0;29,90898344
02.03.2021 13:12;0,916666667;12,45606294;0;15,95;0;0;5,34E-03;2;0;0;0;0;0;7,054997222;102,6713288;405,2687275;0;29,92498333
02.03.2021 13:17;1;13,05023311;0;15,95;0;0;6,70E-06;2;0;0;0;0;0;7,055462464;102,7332703;405,457879;0;29,93193696
02.03.2021 13:22;1,083333333;13,62988173;0;15,95;0;0;0,009216;2;0;0;0;0;0;7,053695203;102,6501445;405,6776735;0;29,93998804
02.03.2021 13:27;1,166666667;14,19812492;0;15,95;0;0;1,08E-02;2;0;0;0;0;0;7,052381807;102,4770535;405,678;0;29,94688904
02.03.2021 13:32;1,25;14,77819453;0;15,95;0;0;4,59E-03;2;0;0;0;0;0;7,051709165;102,4375561;405,4906105;0;29,96185005
02.03.2021 13:37;1,333333333;15,07233482;0;15,95;0;0;5,43E-03;2;0;0;0;0;0;7,04946078;102,2899996;405,4556514;0;29,98366847
02.03.2021 13:42;1,416666667;15,16788261;0;15,95;0;0;1,09E-05;2;0;0;0;0;0;7,051810565;102,2120029;405,4920879;0;29,99996744
02.03.2021 13:47;1,5;15,52056312;0;15,95;0;0;0;2;0;0;0;0;0;7,052641267;102,0321123;405,453797;0;30
02.03.2021 13:52;1,583333333;15,89422508;0;15,95;0;0;0;2;0;0;0;0;0;7,050104248;101,9708652;405,6774881;0;30
02.03.2021 13:57;1,666666667;15,94985825;0;15,95;0;4,48E-03;0;2;0;0;0;0;0;7,049450924;101,9817196;405,678;0;30
02.03.2021 14:02;1,75;16,03932004;0;15,95;0;5,52E-03;0;2;0;0;0;0;0;7,05357138;101,7379453;405,678;0;29,993301
02.03.2021 14:07;1,833333333;16,46113718;0;15,95;0;1,60E-05;0;2;0;0;0;0;0;7,055317565;101,6735722;405,678;0;29,99837217
02.03.2021 14:12;1,916666667;17,00408735;0;15,95;0;0;0;2;0;0;0;0;0;7,052896555;101,530306;405,678;0;30,00829992
02.03.2021 14:17;2;17,37550498;0;15,95;0;0;0;2;0;0;0;0;0;7,053996412;101,3218392;405,678;0;30,00002691
02.03.2021 14:22;2,083333333;17,81853655;0;15,95;0;4,39E-03;0;2;0;0;0;0;0;7,054;101,2179188;405,678;0;30
02.03.2021 14:27;2,166666667;18,14271871;0;15,95;0;5,61E-03;0;2;0;0;0;0;0;7,053562785;101,0479554;405,678;0;30
02.03.2021 14:32;2,25;18,2648948;0;15,95;0;2,21E-05;0;2;0;0;0;0;0;7,05430454;100,941196;405,678;0;29,98046512
02.03.2021 14:37;2,333333333;18,43612372;0;15,95;0;0;0,0043245;2;0;0;0;0;0;7,055127774;100,8858953;405,5009117;0;29,97457013
02.03.2021 14:42;2,416666667;18,74346598;0;15,95;0;0;0,0099755;2;0;0;0;0;0;7,0540049;100,8153725;405,4460032;0;29,99988975
02.03.2021 14:47;2,5;19,36374624;0;15,95;0;0;5,71E-03;2;0;0;0;0;0;7,053570644;100,8549151;405,6769026;0;30
02.03.2021 14:52;2,583333333;20,06167901;0;15,95;0;0;2,69E-05;2;0;0;0;0;0;7,053430618;100,7924178;405,678;0;29,99358106
02.03.2021 14:57;2,666666667;20,43378988;0;15,95;0;0;0;2;0;0;0;0;0;7,053997071;100,5341797;405,678;0;29,98504394
02.03.2021 15:02;2,75;20,65562623;0;15,95;0;0;4,25E-03;2;0;0;0;0;0;7,052725432;100,4410065;405,7939857;0;29,99137284
02.03.2021 15:07;2,833333333;20,98900997;0;15,95;0;4,22E-03;5,75E-03;2;0;0;0;0;0;7,051853156;100,2242445;405,8349795;0;29,99995216
02.03.2021 15:12;2,916666667;21,33247047;0;15,95;0;9,97E-03;3,46E-05;2;0;0;0;0;0;7,053833356;100,2883676;405,7936427;0;30
02.03.2021 15:17;3;21,51211702;0;15,95;0;0,005812569;0;2;0;0;0;0;0;7,052480597;100,2962102;405,8357352;0;30,01256229
02.03.2021 15:22;3,083333333;21,62029298;0;15,95;0;3,74E-05;0;2;0;0;0;0;0;7,050273725;100,0867891;405,6790219;0;30,03614404
02.03.2021 15:27;3,166666667;21,64981222;0;15,95;0;0;4,16E-03;2;0;0;0;0;0;7,05157303;100,0811578;405,678;0;30,03870812
02.03.2021 15:32;3,25;21,77380233;0;15,95;0;0;5,83E-03;2;0;0;0;0;0;7,053067409;100,0224975;405,7906601;0;30,03625066
02.03.2021 15:37;3,333333333;22,03090212;0;15,95;0;4,11E-03;4,34E-05;2;0;0;0;0;0;7,053923183;99,82220072;405,8376058;0;30,04493488
02.03.2021 15:42;3,416666667;22,14912889;0;15,95;0;5,86E-03;0;2;0;0;0;0;0;7,048563838;99,84978222;405,6791891;0;30,0327103
02.03.2021 15:47;3,5;22,15;0;15,95;0;4,66E-05;4,08E-03;2;0;0;0;0;0;7,047067968;99,82959972;405,678;0;30,00289953
02.03.2021 15:52;3,583333333;22,1703325;0;15,95;0;0;5,89E-03;2;0;0;0;0;0;7,050789939;99,79616711;405,7890155;0;29,99123992
02.03.2021 15:57;3,666666667;22,3410299;0;15,95;0;0;4,98E-05;2;0;0;0;0;0;7,052393688;99,67299003;405,8394419;0;29,99992525
02.03.2021 16:02;3,75;22,68883954;0;15,95;0;0;0;2;0;0;0;0;0;7,052592673;99,49350302;405,6794527;0;30,00603008
02.03.2021 16:07;3,833333333;22,95823189;0;15,95;0;4,01E-03;4,01E-03;2;0;0;0;0;0;7,052806679;99,56424748;405,678;0;30,00890987
02.03.2021 16:12;3,916666667;23,24866061;0;15,95;0;9,94E-03;5,95E-03;2;0;0;0;0;0;7,054387682;99,48929819;405,678;0;30,00607038
02.03.2021 16:17;4;23,7857735;0;15,95;0;0,01;4,03E-03;2;0;0;0;0;0;7,053403525;99,19682141;405,678;0;30,00894922
02.03.2021 16:22;4,083333333;24,14638206;0;15,95;0;6,05E-03;9,94E-03;2;0;0;0;0;0;7,049445183;99,1249402;405,7857624;0;30,00009045
02.03.2021 16:27;4,166666667;24,15;0;15,95;0;6,40E-05;6,07E-03;2;0;0;0;0;0;7,045846337;99,10948839;405,8419393;0;30
02.03.2021 16:32;4,25;24,15;0;15,95;0;0;3,98E-03;2;0;0;0;0;0;7,044019267;99,12127041;405,6797533;0;30
02.03.2021 16:37;4,333333333;24,15;0;15,95;0;0;6,03E-03;2;0;0;0;0;0;7,044390139;98,90457125;405,678;0;29,99414792
02.03.2021 16:42;4,416666667;24,15;0;15,95;0;0;3,96E-03;2;0;0;0;0;0;7,047326251;98,90568982;405,678;0;29,99093472
02.03.2021 16:47;4,5;24,15;0;15,95;0;0;6,07E-03;2;0;0;0;0;0;7,050185116;98,85253023;405,678;0;30,00568106
02.03.2021 16:52;4,583333333;24,15;0;15,95;0;0;7,58E-05;2;0;0;0;0;0;7,047862344;98,78531417;405,7829063;0;30,00912221
02.03.2021 16:57;4,666666667;24,15;0;15,95;0;3,83E-03;3,83E-03;2;0;0;0;0;0;7,046022817;99,30141448;405,8443659;0;30,00011408
02.03.2021 17:02;4,75;24,15;0;15,95;0;6,11E-03;6,11E-03;2;0;0;0;0;0;7,045618644;99,66884341;405,6801828;0;30
02.03.2021 17:07;4,833333333;24,15;0;15,95;0;3,88E-03;3,88E-03;2;0;0;0;0;0;7,044247845;99,65026703;405,678;0;30
02.03.2021 17:12;4,916666667;24,15;0;15,95;0;6,14E-03;9,92E-03;2;0;0;0;0;0;7,042262458;99,69088056;405,7809736;0;30,00565789
02.03.2021 17:17;5;24,15;0;15,95;0;8,86E-05;6,24E-03;2;0;0;0;0;0;7,041393274;99,55907973;405,8460547;0;30,00923378
02.03.2021 17:22;5,083333333;24,15;0;15,95;0;0;8,89E-05;2;0;0;0;0;0;7,04386265;99,52514507;405,6804267;0;30,00013333
02.03.2021 17:27;5,166666667;24,15;0;15,95;0;0;3,73E-03;2;0;0;0;0;0;7,047326133;99,33052504;405,678;0;30
02.03.2021 17:32;5,25;24,15;0;15,95;0;3,71E-03;9,91E-03;2;0;0;0;0;0;7,04427632;99,31752718;405,678;0;30
02.03.2021 17:37;5,333333333;24,15;0;15,95;0;6,22E-03;6,31E-03;2;0;0;0;0;0;7,037729103;99,30270033;405,678;0;30
02.03.2021 17:42;5,416666667;24,15;0;15,95;0;3,77E-03;1,02E-04;2;0;0;0;0;0;7,039211871;99,34672449;405,678;0;30
02.03.2021 17:47;5,5;24,15;0;15,95;0;6,24E-03;0;2;0;0;0;0;0;7,043304086;99,24642141;405,678;0;30,01645739
02.03.2021 17:52;5,583333333;24,15;0;15,95;0;3,74E-03;0;2;0;0;0;0;0;7,044715039;99,09323987;405,678;0;30,02818804
02.03.2021 17:57;5,666666667;24,15;0;15,95;0;6,28E-03;0;2;0;0;0;0;0;7,044893825;99,15876661;405,678;0;30,00050457
02.03.2021 18:02;5,75;24,15;0;15,95;0;3,71E-03;0;2;0;0;0;0;0;7,0426737;99,152799;405,678;0;30
02.03.2021 18:07;5,833333333;24,15;0;15,95;0;6,30E-03;0;2;0;0;0;0;0;7,041653294;99,10080789;405,678;0;30
02.03.2021 18:12;5,916666667;24,15;0;15,95;0;1,18E-04;3,57E-03;2;0;0;0;0;0;7,04208345;98,98128071;405,678;0;30
02.03.2021 18:17;6;24,15;0;15,95;0;0;9,88E-03;2;0;0;0;0;0;7,042191185;98,94842027;405,678;0;30,00531636
02.03.2021 18:22;6,083333333;24,15;0;15,95;0;0;0,01;2;0;0;0;0;0;7,039769387;98,9703428;405,678;0;30,00422464
02.03.2021 18:27;6,166666667;24,15;0;15,95;0;0;0,01;2;0;0;0;0;0;7,040271144;98,81875088;405,678;0;29,99065842
02.03.2021 18:32;6,25;24,15;0;15,95;0;0;6,50E-03;2;0;0;0;0;0;7,040776617;98,74153101;405,678;0;29,9945505
02.03.2021 18:37;6,333333333;24,15;0;15,95;0;3,49E-03;3,62E-03;2;0;0;0;0;0;7,042886777;98,6588443;405,678;0;29,99043272
02.03.2021 18:42;6,416666667;24,15;0;15,95;0;6,39E-03;9,86E-03;2;0;0;0;0;0;7,042777639;98,6315287;405,678;0;29,99979236
02.03.2021 18:47;6,5;24,15;0;15,95;0;3,60E-03;0,01;2;0;0;0;0;0;7,04489235;98,66880906;405,7724767;0;29,99480897
02.03.2021 18:52;6,583333333;24,15;0;15,95;0;9,86E-03;0,01;2;0;0;0;0;0;7,0426999;98,69731561;405,9470683;0;29,98521603
02.03.2021 18:57;6,666666667;24,15;0;15,95;0;6,58E-03;6,58E-03;2;0;0;0;0;0;7,042356661;98,43517288;405,8577189;0;29,99012533
02.03.2021 19:02;6,75;24,15;0;15,95;0;1,50E-04;3,56E-03;2;0;0;0;0;0;7,043666085;98,44978615;405,6821011;0;29,99977467
02.03.2021 19:07;6,833333333;24,15;0;15,95;0;0;9,84E-03;2;0;0;0;0;0;7,045985709;98,28582746;405,678;0;30,00508408
02.03.2021 19:12;6,916666667;24,15;0;15,95;0;0;6,62E-03;2;0;0;0;0;0;7,046601932;98,30968234;405,7702229;0;30,00969872
02.03.2021 19:17;7;24,15;0;15,95;0;0;1,61E-04;2;0;0;0;0;0;7,044736985;98,31040761;405,8548095;0;30,00024219
02.03.2021 19:22;7,083333333;24,15;0;15,95;0;0;0;2;0;0;0;0;0;7,045297434;98,04268076;405,7739003;0;29,99497375
02.03.2021 19:27;7,166666667;24,15;0;15,95;0;3,33E-03;0;2;0;0;0;0;0;7,044033499;98,0357459;405,8553894;0;29,99525541
02.03.2021 19:32;7,25;24,15;0;15,95;0;9,83E-03;3,32E-03;2;0;0;0;0;0;7,043667636;97,78124496;405,6825879;0;30,01449583
02.03.2021 19:37;7,333333333;24,15;0;15,95;0;6,70E-03;6,53E-03;2;0;0;0;0;0;7,043347021;97,90689081;405,7679963;0;30,01005515
02.03.2021 19:42;7,416666667;24,15;0;15,95;0;3,46E-03;3,46E-03;2;0;0;0;0;0;7,04496616;98,91109161;405,8565311;0;30,53171085
02.03.2021 19:47;7,5;24,15;0;15,95;0;6,55E-03;6,55E-03;2;0;0;0;0;0;7,042041448;115,4659834;405,6829277;0;31,8024335
02.03.2021 19:52;7,583333333;24,15;0;15,95;0;1,86E-04;1,86E-04;2;0;0;0;0;0;7,026766733;127,7894049;405,766527;0;32,31602226
02.03.2021 19:57;7,666666667;24,15;0;15,95;0;0;0;2;0;0;0;0;0;7,012746291;126,2543578;405,8576485;0;32,19441624
02.03.2021 20:02;7,75;24,15;0;15,95;0;0;0;2;0;0;0;0;0;7,00554135;125,6061791;405,6832795;0;31,80207933
02.03.2021 20:07;7,833333333;24,15;0;15,95;0;3,22E-03;0;2;0;0;0;0;0;7,001453494;124,8438494;405,5463047;0;31,34421057
02.03.2021 20:12;7,916666667;24,15;0;15,95;0;6,61E-03;3,19E-03;2;0;0;0;0;0;7,000039867;124,1911628;405,4943372;0;30,96269103
02.03.2021 20:17;8;24,15;0;15,95;0;2,06E-04;6,62E-03;2;0;0;0;0;0;7;123,5063577;405,8503046;0;30,67525965
02.03.2021 20:22;8,083333333;24,15;0;15,95;0;0;2,07E-04;2;0;0;0;0;0;7;122,751575;405,6836435;0;30,43385165
02.03.2021 20:27;8,166666667;24,15;0;15,95;0;0;0;2;0;0;0;0;0;7;121,9332397;405,678;0;30,24242326
02.03.2021 20:32;8,25;24,15;0;15,95;0;0;0,0031205;2;0;0;0;0;0;7,0012482;120,9298552;405,4650259;0;30,10553126
02.03.2021 20:37;8,333333333;24,15;0;15,95;0;0;6,67E-03;2;0;0;0;0;0;7,003600787;120,1741179;405,2228157;0;30,02298485
02.03.2021 20:42;8,416666667;24,15;0;15,95;0;3,09E-03;2,27E-04;2;0;0;0;0;0;7,003641524;119,5583311;405,7469932;0;29,99139773
02.03.2021 20:47;8,5;24,15;0;15,95;0;6,69E-03;0;2;0;0;0;0;0;7,005262883;118,8097254;405,8605961;0;29,96605675
02.03.2021 20:52;8,583333333;24,15;0;15,95;0;2,34E-04;3,07E-03;2;0;0;0;0;0;7,006590217;118,043195;405,6843866;0;29,96455508
02.03.2021 20:57;8,666666667;24,15;0;15,95;0;3,06E-03;9,77E-03;2;0;0;0;0;0;7,007953056;117,0947253;405,678;0;29,97970904
02.03.2021 21:02;8,75;24,15;0;15,95;0;6,72E-03;0,01;2;0;0;0;0;0;7,0076958;116,6496279;405,678;0;29,97948779
02.03.2021 21:07;8,833333333;24,15;0;15,95;0;0,000242;6,97E-03;2;0;0;0;0;0;7,007327389;115,8813057;405,678;0;29,99017832
02.03.2021 21:12;8,916666667;24,15;0;15,95;0;0;2,49E-04;2;0;0;0;0;0;7,007673538;115,3115431;405,8838458;0;29,97979385
02.03.2021 21:17;9;24,15;0;15,95;0;0;3,01E-03;2;0;0;0;0;0;7,007325542;114,8719373;406,1383173;0;29,99925183
02.03.2021 21:22;9,083333333;24,15;0;15,95;0;0;6,75E-03;2;0;0;0;0;0;7,007675374;114,1875143;405,6954744;0;30
02.03.2021 21:27;9,166666667;24,15;0;15,95;0;2,98E-03;2,57E-04;2;0;0;0;0;0;7,007323718;113,812992;405,678;0;30
02.03.2021 21:32;9,25;24,15;0;15,95;0;6,77E-03;0;2;0;0;0;0;0;7,007973638;113,1848787;405,7589309;0;30
02.03.2021 21:37;9,333333333;24,15;0;15,95;0;3,22E-03;0;2;0;0;0;0;0;7,009772791;112,7413638;405,8631172;0;30
02.03.2021 21:42;9,416666667;24,15;0;15,95;0;6,79E-03;0;2;0;0;0;0;0;7,012367765;112,4638171;405,685407;0;30
02.03.2021 21:47;9,5;24,15;0;15,95;0;3,20E-03;2,93E-03;2;0;0;0;0;0;7,009429024;111,907524;405,7579651;0;30,00439369
02.03.2021 21:52;9,583333333;24,15;0;15,95;0;6,82E-03;6,82E-03;2;0;0;0;0;0;7,009681717;111,3163221;405,8641086;0;30,01022575
02.03.2021 21:57;9,666666667;24,15;0;15,95;0;3,18E-03;2,87E-04;2;0;0;0;0;0;7,009606304;110,9719578;405,6858363;0;30,00043056
02.03.2021 22:02;9,75;24,15;0;15,95;0;0,009712;0;2;0;0;0;0;0;7,010654559;110,3711325;405,678;0;29,99136478
02.03.2021 22:07;9,833333333;24,15;0;15,95;0;0,01;2,86E-03;2;0;0;0;0;0;7,010602052;110,0241635;405,678;0;29,97947338
02.03.2021 22:12;9,916666667;24,15;0;15,95;0;7,15E-03;9,70E-03;2;0;0;0;0;0;7,011084825;109,8701926;405,678;0;29,99911183
02.03.2021 22:17;10;24,15;0;15,95;0;3,03E-04;0,01;2;0;0;0;0;0;7,009373776;109,5772793;405,7552079;0;30
02.03.2021 22:22;10,08333333;24,15;0;15,95;0;0;0,01;2;0;0;0;0;0;7,009968854;109,5134531;405,9424971;0;29,99578125
02.03.2021 22:27;10,16666667;24,15;0;15,95;0;2,80E-03;7,20E-03;2;0;0;0;0;0;7,010560631;109,1721034;405,8744738;0;29,98967348
02.03.2021 22:32;10,25;24,15;0;15,95;0;6,89E-03;3,20E-04;2;0;0;0;0;0;7,012493547;109,1418576;405,6867312;0;29,99952027
02.03.2021 22:37;10,33333333;24,15;0;15,95;0;3,21E-04;0;2;0;0;0;0;0;7,013380163;108,8892066;405,678;0;30
02.03.2021 22:42;10,41666667;24,15;0;15,95;0;0;0;2;0;0;0;0;0;7,011790305;108,7082074;405,7531717;0;30
02.03.2021 22:47;10,5;24,15;0;15,95;0;0;0;2;0;0;0;0;0;7,011855088;108,601432;405,9418033;0;30
02.03.2021 22:52;10,58333333;24,15;0;15,95;0;0;0;2;0;0;0;0;0;7,013079929;108,3494391;405,951;0;30
02.03.2021 22:57;10,66666667;24,15;0;15,95;0;0;0;2;0;0;0;0;0;7,011103671;108,2597975;405,8769245;0;30
02.03.2021 23:02;10,75;24,15;0;15,95;0;0;2,70E-03;2;0;0;0;0;0;7,010459125;108,0790148;405,6874655;0;30
02.03.2021 23:07;10,83333333;24,15;0;15,95;0;2,68E-03;6,97E-03;2;0;0;0;0;0;7,009874862;108,0244408;405,678;0;30,00401993
02.03.2021 23:12;10,91666667;24,15;0;15,95;0;9,64E-03;3,03E-03;2;0;0;0;0;0;7,011358113;107,9461434;405,678;0;30,01045832
02.03.2021 23:17;11;24,15;0;15,95;0;0,01;6,98E-03;2;0;0;0;0;0;7,009807335;107,9090945;405,678;0;30,00054675
02.03.2021 23:22;11,08333333;24,15;0;15,95;0;7,36E-03;3,72E-04;2;0;0;0;0;0;7,010357343;107,6117925;405,678;0;30
02.03.2021 23:27;11,16666667;24,15;0;15,95;0;3,01E-03;0;2;0;0;0;0;0;7,013286932;107,7009515;405,678;0;30
02.03.2021 23:32;11,25;24,15;0;15,95;0;9,62E-03;2,62E-03;2;0;0;0;0;0;7,011814685;107,5330155;405,678;0;29,99607592
02.03.2021 23:37;11,33333333;24,15;0;15,95;0;0,01;9,62E-03;2;0;0;0;0;0;7,010256063;107,3042542;405,678;0;29,98948513
02.03.2021 23:42;11,41666667;24,15;0;15,95;0;0,007408;0,007408;2;0;0;0;0;0;7,008376409;107,2406024;405,678;0;29,99941395
02.03.2021 23:47;11,5;24,15;0;15,95;0;0,000392;0,000392;2;0;0;0;0;0;7,009735817;107,0051564;405,678;0;30
02.03.2021 23:52;11,58333333;24,15;0;15,95;0;0;2,57E-03;2;0;0;0;0;0;7,011366372;106,9734517;405,678;0;30
02.03.2021 23:57;11,66666667;24,15;0;15,95;0;0;7,04E-03;2;0;0;0;0;0;7,01033623;106,6423877;405,678;0;30
03.03.2021 00:02;11,75;24,15;0;15,95;0;0;2,95E-03;2;0;0;0;0;0;7,010450203;106,7733237;405,678;0;30,00381633
03.03.2021 00:07;11,83333333;24,15;0;15,95;0;0;9,59E-03;2;0;0;0;0;0;7,009589332;106,5767143;405,7472265;0;30,01058001
03.03.2021 00:12;11,91666667;24,15;0;15,95;0;0;0,0074795;2;0;0;0;0;0;7,010412079;106,3083494;405,8707488;0;30,00062865
03.03.2021 00:17;12;24,15;0;15,95;0;2,51E-03;0,0004205;2;0;0;0;0;0;7,009586525;106,3480052;405,6894797;0;29,99246362
03.03.2021 00:22;12,08333333;24,15;0;15,95;0;9,57E-03;0;2;0;0;0;0;0;7,010416523;106,1770361;405,678;0;29,97875216
03.03.2021 00:27;12,16666667;24,15;0;15,95;0;7,53E-03;0;2;0;0;0;0;0;7,00884038;106,0544796;405,678;0;30,0023943
03.03.2021 00:32;12,25;24,15;0;15,95;0;4,40E-04;2,47E-03;2;0;0;0;0;0;7,00853704;105,9038708;405,678;0;30,01064216
03.03.2021 00:37;12,33333333;24,15;0;15,95;0;0;9,55E-03;2;0;0;0;0;0;7,009665299;105,814747;405,678;0;30,00067276
03.03.2021 00:42;12,41666667;24,15;0;15,95;0;0;7,56E-03;2;0;0;0;0;0;7,008800814;105,6709872;405,678;0;30
03.03.2021 00:47;12,5;24,15;0;15,95;0;0;4,59E-04;2;0;0;0;0;0;7,007803987;105,7089204;405,678;0;30
03.03.2021 00:52;12,58333333;24,15;0;15,95;0;0;0;2;0;0;0;0;0;7,007527577;105,486266;405,678;0;30
03.03.2021 00:57;12,66666667;24,15;0;15,95;0;2,40E-03;0;2;0;0;0;0;0;7,008426841;105,534565;405,678;0;30
03.03.2021 01:02;12,75;24,15;0;15,95;0;7,14E-03;0;2;0;0;0;0;0;7,007333831;105,3591096;405,678;0;30,00357075
03.03.2021 01:07;12,83333333;24,15;0;15,95;0;0,0004805;2,37E-03;2;0;0;0;0;0;7,008189209;105,3112092;405,7427717;0;30,01072036
03.03.2021 01:12;12,91666667;24,15;0;15,95;0;0;9,51E-03;2;0;0;0;0;0;7,008246157;105,4706357;405,8734958;0;30,00073389
03.03.2021 01:17;13;24,15;0;15,95;0;2,33E-03;7,67E-03;2;0;0;0;0;0;7,006383389;105,2958584;405,6916424;0;29,99299583
03.03.2021 01:22;13,08333333;24,15;0;15,95;0;7,16E-03;5,01E-04;2;0;0;0;0;0;7,007183333;105,3710806;405,7417379;0;29,97850833
03.03.2021 01:27;13,16666667;24,15;0;15,95;0;2,83E-03;0;2;0;0;0;0;0;7,007251771;105,1743986;405,8737859;0;29,99849583
03.03.2021 01:32;13,25;24,15;0;15,95;0;9,49E-03;0,002312;2;0;0;0;0;0;7,00538429;105,3185048;405,6919312;0;30
03.03.2021 01:37;13,33333333;24,15;0;15,95;0;7,70E-03;7,18E-03;2;0;0;0;0;0;7,006409664;105,2697875;405,678;0;30,00345648
03.03.2021 01:42;13,41666667;24,15;0;15,95;0;5,21E-04;5,21E-04;2;0;0;0;0;0;7,007439446;105,2243384;405,7402927;0;30,01079585
03.03.2021 01:47;13,5;24,15;0;15,95;0;2,27E-03;0;2;0;0;0;0;0;7,006106357;105,3808372;405,9364823;0;30,00079767
03.03.2021 01:52;13,58333333;24,15;0;15,95;0;7,21E-03;0;2;0;0;0;0;0;7,005548128;105,3030665;405,951;0;30
03.03.2021 01:57;13,66666667;24,15;0;15,95;0;5,43E-04;0;2;0;0;0;0;0;7,003659638;105,1877244;405,8897252;0;30
03.03.2021 02:02;13,75;24,15;0;15,95;0;0;2,24E-03;2;0;0;0;0;0;7,0021089;105,2624885;405,7539361;0;30,00335556
03.03.2021 02:07;13,83333333;24,15;0;15,95;0;2,21E-03;7,23E-03;2;0;0;0;0;0;7,001778516;105,3821484;405,8754186;0;30,01084718
03.03.2021 02:12;13,91666667;24,15;0;15,95;0;7,24E-03;2,76E-03;2;0;0;0;0;0;7,001496495;105,4628566;405,6934201;0;30,00744743
03.03.2021 02:17;14;24,15;0;15,95;0;2,76E-03;7,24E-03;2;0;0;0;0;0;7,002228832;105,3305471;405,678;0;30,02829983
03.03.2021 02:22;14,08333333;24,15;0;15,95;0;7,25E-03;5,76E-04;2;0;0;0;0;0;6,999955024;105,1536387;405,678;0;30,026733
03.03.2021 02:27;14,16666667;24,15;0;15,95;0;0,000578;0;2;0;0;0;0;0;6,999709029;105,2956882;405,678;0;30,01912315
03.03.2021 02:32;14,25;24,15;0;15,95;0;0;0;2;0;0;0;0;0;7,001179103;105,0608454;405,678;0;30,02589551
03.03.2021 02:37;14,33333333;24,15;0;15,95;0;2,13E-03;2,13E-03;2;0;0;0;0;0;6,999605094;105,1875198;405,7360707;0;30,01908904
03.03.2021 02:42;14,41666667;24,15;0;15,95;0;7,28E-03;9,39E-03;2;0;0;0;0;0;7,000032907;105,3545529;405,8766631;0;30,0227468
03.03.2021 02:47;14,5;24,15;0;15,95;0;2,72E-03;0,01;2;0;0;0;0;0;6,997245;105,3759546;405,6947213;0;30,0018375
03.03.2021 02:52;14,58333333;24,15;0;15,95;0;7,29E-03;7,91E-03;2;0;0;0;0;0;6,996581822;105,6964527;405,678;0;30,00313633
03.03.2021 02:57;14,66666667;24,15;0;15,95;0;6,24E-04;2,71E-03;2;0;0;0;0;0;6,995333239;105,6283312;405,678;0;30,01406367
03.03.2021 03:02;14,75;24,15;0;15,95;0;0;7,30E-03;2;0;0;0;0;0;6,995936606;105,742943;405,7344943;0;30,015
03.03.2021 03:07;14,83333333;24,15;0;15,95;0;2,06E-03;6,36E-04;2;0;0;0;0;0;6,996;105,5989266;405,8773291;0;30,01190623
03.03.2021 03:12;14,91666667;24,15;0;15,95;0;7,31E-03;0;2;0;0;0;0;0;6,99579588;105,4510817;405,6956316;0;30,00096877
03.03.2021 03:17;15;24,15;0;15,95;0;6,58E-04;0;2;0;0;0;0;0;6,99445777;105,4248074;405,678;0;30
03.03.2021 03:22;15,08333333;24,15;0;15,95;0;0;0;2;0;0;0;0;0;6,993006012;105,3162809;405,678;0;30,00302998
03.03.2021 03:27;15,16666667;24,15;0;15,95;0;0;0;2;0;0;0;0;0;6,995330893;105,3817247;405,7327517;0;30,01399502
03.03.2021 03:32;15,25;24,15;0;15,95;0;2,00E-03;2,00E-03;2;0;0;0;0;0;6,993934555;105,1448611;405,9326483;0;30,01200166
03.03.2021 03:37;15,33333333;24,15;0;15,95;0;7,34E-03;9,32E-03;2;0;0;0;0;0;6,992870432;105,1813103;405,8970031;0;30,0039902
03.03.2021 03:42;15,41666667;24,15;0;15,95;0;6,95E-04;8,04E-03;2;0;0;0;0;0;6,992069457;105,0715159;405,7505669;0;30,01395814
03.03.2021 03:47;15,5;24,15;0;15,95;0;1,96E-03;6,97E-04;2;0;0;0;0;0;6,991804297;104,8270974;405,878548;0;30,01206445
03.03.2021 03:52;15,58333333;24,15;0;15,95;0;7,36E-03;0;2;0;0;0;0;0;6,991070703;104,8393005;405,697302;0;30,00396495
03.03.2021 03:57;15,66666667;24,15;0;15,95;0;7,20E-04;0;2;0;0;0;0;0;6,9911922;104,4956877;405,678;0;30,0139206
03.03.2021 04:02;15,75;24,15;0;15,95;0;0;0;2;0;0;0;0;0;6,991544677;104,2161569;405,678;0;30,01212658
03.03.2021 04:07;15,83333333;24,15;0;15,95;0;0;0;2;0;0;0;0;0;6,989956317;103,9812091;405,678;0;30,00109842
03.03.2021 04:12;15,91666667;24,15;0;15,95;0;0;0;2;0;0;0;0;0;6,988504951;103,7023551;405,678;0;30
03.03.2021 04:17;16;24,15;0;15,95;0;0;0;2;0;0;0;0;0;6,986599699;103,2989825;405,678;0;30
03.03.2021 04:22;16,08333333;24,15;0;15,95;0;0;0;2;0;0;0;0;0;6,987100633;102,9448246;405,678;0;30
03.03.2021 04:27;16,16666667;24,15;0;15,95;0;0,0018605;0,0018605;2;0;0;0;0;0;6,984117139;102,44925;405,678;0;30
03.03.2021 04:32;16,25;24,15;0;15,95;0;0,0092395;7,39E-03;2;0;0;0;0;0;6,98307605;102,1011929;405,678;0;30
03.03.2021 04:37;16,33333333;24,15;0;15,95;0;8,16E-03;7,71E-04;2;0;0;0;0;0;6,983;101,6349683;405,6026429;0;30
03.03.2021 04:42;16,41666667;24,15;0;15,95;0;7,74E-04;0;2;0;0;0;0;0;6,982816589;101,2116209;405,3752838;0;30
03.03.2021 04:47;16,5;24,15;0;15,95;0;0;0;2;0;0;0;0;0;6,982078411;100,8480756;405,6458908;0;30
03.03.2021 04:52;16,58333333;24,15;0;15,95;0;1,81E-03;0;2;0;0;0;0;0;6,981637198;100,3214693;405,7275224;0;30
03.03.2021 04:57;16,66666667;24,15;0;15,95;0;9,20E-03;0;2;0;0;0;0;0;6,979800664;100,0162791;405,9292326;0;30,00269103
03.03.2021 05:02;16,75;24,15;0;15,95;0;8,22E-03;0;2;0;0;0;0;0;6,977984132;99,49639567;405,9024045;0;30,01111389
03.03.2021 05:07;16,83333333;24,15;0;15,95;0;8,13E-04;0;2;0;0;0;0;0;6,976903925;98,98486579;405,7002055;0;30,00122008
03.03.2021 05:12;16,91666667;24,15;0;15,95;0;0;1,75E-03;2;0;0;0;0;0;6,975731539;98,41994308;405,7258944;0;30
03.03.2021 05:17;17;24,15;0;15,95;0;0;9,16E-03;2;0;0;0;0;0;6,973993492;97,78507874;405,8806149;0;30
03.03.2021 05:22;17,08333333;24,15;0;15,95;0;0;8,27E-03;2;0;0;0;0;0;6,97308405;97,34701544;405,7009457;0;30,00520415
03.03.2021 05:27;17,16666667;24,15;0;15,95;0;0;8,51E-04;2;0;0;0;0;0;6,972655822;96,82117728;405,678;0;30,02228318
03.03.2021 05:32;17,25;24,15;0;15,95;0;0;0;2;0;0;0;0;0;6,971170844;96,53419038;405,678;0;30,00256267
03.03.2021 05:37;17,33333333;24,15;0;15,95;0;1,70E-03;1,70E-03;2;0;0;0;0;0;6,970489583;96,32340289;405,678;0;30
03.03.2021 05:42;17,41666667;24,15;0;15,95;0;7,44E-03;7,44E-03;2;0;0;0;0;0;6,967921269;95,89626211;405,678;0;30
03.03.2021 05:47;17,5;24,15;0;15,95;0;8,79E-04;8,79E-04;2;0;0;0;0;0;6,966344014;95,74865172;405,678;0;30,002523
03.03.2021 05:52;17,58333333;24,15;0;15,95;0;3,35E-03;1,68E-03;2;0;0;0;0;0;6,966576518;95,12835758;405,678;0;30,01116238
03.03.2021 05:57;17,66666667;24,15;0;15,95;0;1,49E-02;7,44E-03;2;0;0;0;0;0;6,964679799;94,71978436;405,678;0;30,00133962
03.03.2021 06:02;17,75;24,15;0;15,95;0;1,79E-03;8,96E-04;2;0;0;0;0;0;6,961771657;94,20790285;405,678;0;30
03.03.2021 06:07;17,83333333;24,15;0;15,95;0;0;0;2;0;0;0;0;0;6,95894454;93,61074197;405,678;0;30
03.03.2021 06:12;17,91666667;24,15;0;15,95;0;0;0;2;0;0;0;0;0;6,956372036;93,29283607;405,678;0;30
03.03.2021 06:17;18;24,15;0;15,95;0;1,62E-03;0;2;0;0;0;0;0;6,95262416;92,78523519;405,7222015;0;30
03.03.2021 06:22;18,08333333;24,15;0;15,95;0;7,46E-03;1,60E-03;2;0;0;0;0;0;6,952906423;92,51816842;405,8817674;0;30
03.03.2021 06:27;18,16666667;24,15;0;15,95;0;2,54E-03;7,46E-03;2;0;0;0;0;0;6,952523983;91,76931494;405,7472586;0;30
03.03.2021 06:32;18,25;24,15;0;15,95790725;0;9,05E-03;9,53E-04;2;0;0;0;0;0;6,950127872;91,21024709;405,8817989;0;29,99762782
03.03.2021 06:37;18,33333333;24,15;0;16,01869608;0;0,01;0;2;0;0;0;0;0;6,948469278;90,83583952;405,7043386;0;29,98409518
03.03.2021 06:42;18,41666667;24,15;0;16,33864279;0;8,44E-03;1,56E-03;2;0;0;0;0;0;6,945230921;90,3269133;405,678;0;29,97614037
03.03.2021 06:47;18,5;24,15;0;17,77050055;0;9,79E-04;9,02E-03;2;0;0;0;0;0;6,943789097;89,77714773;405,678;0;29,99706163
03.03.2021 06:52;18,58333333;24,15;0;20,81180554;0;1,53E-03;8,47E-03;2;0;0;0;0;0;6,942198848;89,20500008;405,678;0;30
03.03.2021 06:57;18,66666667;24,15;0;25,3028578;0;9,00E-03;9,98E-04;2;0;0;0;0;0;6,943525803;88,72880839;405,678;0;30
03.03.2021 07:02;18,75;24,15;0;28,44175664;0;0,0084875;0,0015125;2;0;0;0;0;0;6,950839614;87,94114283;405,678;0;29,99773125
03.03.2021 07:07;18,83333333;24,15;0;28,8;0;0,0010125;0,0089875;2;0;0;0;0;0;6,950799755;87,46921105;405,678;0;29,99104118
03.03.2021 07:12;18,91666667;24,15;0;28,81494222;0;1,49E-03;8,51E-03;2;0;0;0;0;0;6,948905984;87,08312951;405,678;0;30,00968624
03.03.2021 07:17;19;24,15;0;28,91950961;0;7,48E-03;2,52E-03;2;0;0;0;0;0;6,947205511;86,75800715;405,678;0;30,00154133
03.03.2021 07:22;19,08333333;24,15;0;29,12334939;0;1,04E-03;7,49E-03;2;0;0;0;0;0;6,94729423;85,96804219;405,678;0;30
03.03.2021 07:27;19,16666667;24,15;0;29,37565545;0;0;1,05E-03;2;0;0;0;0;0;6,948789103;85,22239644;405,678;0;30
03.03.2021 07:32;19,25;24,15;0;29,45924156;0;0;0;2;0;0;0;0;0;6,948418738;84,38372848;405,7176712;0;30,00217973
03.03.2021 07:37;19,33333333;24,15;0;29,56083084;0;0;1,44E-03;2;0;0;0;0;0;6,945714983;83,51481251;405,8826109;0;30,01124236
03.03.2021 07:42;19,41666667;24,15;0;29,73349871;0;1,42E-03;7,49E-03;2;0;0;0;0;0;6,946640724;82,90434212;405,7076279;0;30,00162791
03.03.2021 07:47;19,5;24,15;0;30,04023883;0;7,49E-03;2,51E-03;2;0;0;0;0;0;6,946108889;82,26532902;405,678;0;30
03.03.2021 07:52;19,58333333;24,15;0;30,29820839;0;1,10E-03;8,90E-03;2;0;0;0;0;0;6,9454382;80,9956862;405,7163429;0;29,99789325
03.03.2021 07:57;19,66666667;24,15;0;30,73677002;0;1,40E-03;0,01;2;0;0;0;0;0;6,943141717;80,42081531;405,8826317;0;29,99085625
03.03.2021 08:02;19,75;24,15;0;31,06488483;0;7,50E-03;0,01;2;0;0;0;0;0;6,946994662;79,82291421;405,7462167;0;30,0116505
03.03.2021 08:07;19,83333333;24,15;0;31,3672171;0;1,13E-03;8,63E-03;2;0;0;0;0;0;6,949725454;78,79461082;405,8827044;0;30,015
03.03.2021 08:12;19,91666667;24,15;0;31,4852649;0;1,36E-03;1,14E-03;2;0;0;0;0;0;6,946637021;77,94877651;405,7462744;0;30,01295274
03.03.2021 08:17;20;24,15;0;31,72229236;0;7,50E-03;0;2;0;0;0;0;0;6,950792027;76,95663508;405,8828679;0;30,00172226
03.03.2021 08:22;20,08333333;24,15;0;31,8408944;0;1,16E-03;0;2;0;0;0;0;0;6,94921578;75,80615659;405,709782;0;30
03.03.2021 08:27;20,16666667;24,15;0;32,1157695;0;0;0;2;0;0;0;0;0;6,948249834;74,60888712;405,678;0;30
03.03.2021 08:32;20,25;24,15;0;32,20723034;0;1,31E-03;1,31E-03;2;0;0;0;0;0;6,9483567;73,30684136;405,678;0;30,00196977
03.03.2021 08:37;20,33333333;24,15;0;32,32704988;0;8,80E-03;7,50E-03;2;0;0;0;0;0;6,946128855;71,9889675;405,678;0;30,01125448
03.03.2021 08:42;20,41666667;24,15;0;32,60287038;0;8,70E-03;2,50E-03;2;0;0;0;0;0;6,94875166;70,54181612;405,678;0;29,99985648
03.03.2021 08:47;20,5;24,15;0;32,8700324;0;2,50E-03;7,50E-03;2;0;0;0;0;0;6,946119845;69,83550682;405,678;0;29,9887446
03.03.2021 08:52;20,58333333;24,15;0;32,99508721;0;7,50E-03;2,50E-03;2;0;0;0;0;0;6,948513244;69,84733061;405,7129247;0;30,0000936
03.03.2021 08:57;20,66666667;24,15;0;33,30716196;0;1,23E-03;7,50E-03;2;0;0;0;0;0;6,948619983;69,82081686;405,9174403;0;30,01315606
03.03.2021 09:02;20,75;24,15;0;33,43802104;0;0;1,23E-03;2;0;0;0;0;0;6,946496268;70,60228719;405,9165334;0;30,01689377
03.03.2021 09:07;20,83333333;24,15;0;33,72514535;0;0,00125;0;2;0;0;0;0;0;6,946625415;71,00784899;405,7120116;0;30,02625623
03.03.2021 09:12;20,91666667;24,15;0;33,90616694;0;0,00875;1,25E-03;2;0;0;0;0;0;6,945499169;70,1801104;405,678;0;30,016875
03.03.2021 09:17;21;24,15;0;34,07474972;0;0,01;8,74E-03;2;0;0;0;0;0;6,947239214;69,01955015;405,678;0;30,01868787
03.03.2021 09:22;21,08333333;24,15;0;34,13042222;0;0,01;8,78E-03;2;0;0;0;0;0;6,949879839;67,12539266;405,7112211;0;30,04116213
03.03.2021 09:27;21,16666667;24,15;0;34,36036072;0;8,79E-03;1,28E-03;2;0;0;0;0;0;6,947126916;65,77611667;405,965625;0;30,04136146
03.03.2021 09:32;21,25;24,15;0;34,67864372;0;1,30E-03;0;2;0;0;0;0;0;6,948761228;63,98303626;406,258261;0;30,01888854
03.03.2021 09:37;21,33333333;24,15;0;34,92185047;0;2,39E-03;0;2;0;0;0;0;0;6,945019602;62,21142931;405,9715907;0;30,015
03.03.2021 09:42;21,41666667;24,15;0;35,29484176;0;1,50E-02;0;2;0;0;0;0;0;6,946329475;61,51833669;405,746179;0;30,015
03.03.2021 09:47;21,5;24,15;0;35,65319922;0;2,64E-03;0;2;0;0;0;0;0;6,949987136;61,78319234;405,8828089;0;30,015
03.03.2021 09:52;21,58333333;24,15;0;35,77839023;0;0;1,17E-03;2;0;0;0;0;0;6,948282281;61,16123977;405,7143169;0;30,015
03.03.2021 09:57;21,66666667;24,15;0;36,04488358;0;1,16E-03;8,67E-03;2;0;0;0;0;0;6,94724989;60,76970036;405,678;0;30,01325374
03.03.2021 10:02;21,75;24,15;0;36,35565475;0;7,50E-03;0,008848;2;0;0;0;0;0;6,947980449;60,04306919;405,678;0;30,00202126
03.03.2021 10:07;21,83333333;24,15;0;36,70740173;0;2,50E-03;3,65E-03;2;0;0;0;0;0;6,948635165;58,50349615;405,678;0;30,00172226
03.03.2021 10:12;21,91666667;24,15;0;36,87032004;0;8,64E-03;1,50E-02;2;0;0;0;0;0;6,947612652;57,39977632;405,678;0;30,01295274
03.03.2021 10:17;22;24,15;0;37,11973378;0;0,01;2,76E-03;2;0;0;0;0;0;6,94880116;55,13562975;405,678;0;30,01331967
03.03.2021 10:22;22,08333333;24,15;0;37,26962613;0;8,88E-03;0;2;0;0;0;0;0;6,944752373;52,96659675;405,9066035;0;30,00375508
03.03.2021 10:27;22,16666667;24,15;0;37,54666248;0;2,50E-03;0;2;0;0;0;0;0;6,948799216;49,70237131;407,8308711;0;30,01290025
03.03.2021 10:32;22,25;24,15;0;37,87285911;0;7,49E-03;1,10E-03;2;0;0;0;0;0;6,947950651;49,47686601;411,2268331;0;30,01334875
03.03.2021 10:37;22,33333333;24,15;0;38,09878184;0;1,42E-03;7,50E-03;2;0;0;0;0;0;6,945967885;49,45991141;415,5445465;0;30,00375415
03.03.2021 10:42;22,41666667;24,15;0;38,33021905;0;0;1,44E-03;2;0;0;0;0;0;6,948638331;49,44613547;421,0094972;0;30,01284709
03.03.2021 10:47;22,5;24,15;0;38,50514474;0;0;0;2;0;0;0;0;0;6,945505927;49,60831469;420,3299689;0;30,01339527
03.03.2021 10:52;22,58333333;24,15;0;38,7295411;0;0,001058;0,001058;2;0;0;0;0;0;6,948493306;49,81935625;423,8779123;0;30,00376673
03.03.2021 10:57;22,66666667;24,15;0;38,90449213;0;7,49E-03;7,49E-03;2;0;0;0;0;0;6,945402043;49,71104073;425,1840677;0;30,01123127
03.03.2021 11:02;22,75;24,15;0;39,1549301;0;1,47E-03;1,47E-03;2;0;0;0;0;0;6,948264424;49,58458394;428,5320001;0;30,00377081
03.03.2021 11:07;22,83333333;24,15;0;39,49615407;0;0;0;2;0;0;0;0;0;6,948896074;49,8698139;426,736322;0;30,0143448
03.03.2021 11:12;22,91666667;24,15;0;39,62327796;0;0;0;2;0;0;0;0;0;6,948046512;49,48632035;430,3806544;0;30,0262299
03.03.2021 11:17;23;24,15;0;39,87502575;0;0;0;2;0;0;0;0;0;6,946846998;49,59762034;435,5525039;0;30,01877996
03.03.2021 11:22;23,08333333;24,15;0;40,10002409;0;0;1,01E-03;2;0;0;0;0;0;6,944554664;49,56991454;443,6230449;0;30,02773125
03.03.2021 11:27;23,16666667;24,15;0;40,38914036;0;0;8,47E-03;2;0;0;0;0;0;6,944947175;49,11752553;448,1195121;0;30,03149633
03.03.2021 11:32;23,25;24,15;0;40,72624613;0;0;9,01E-03;2;0;0;0;0;0;6,945747487;48,95717746;454,1793242;0;30,04717775
03.03.2021 11:37;23,33333333;24,15;0;41,03795377;0;0;2,52E-03;2;0;0;0;0;0;6,945154424;49,09655454;461,7257987;0;30,08305091
03.03.2021 11:42;23,41666667;24,15;0;41,35014233;0;0,000968;7,47E-03;2;0;0;0;0;0;6,945968;49,31274333;465,3765395;0;30,088548
03.03.2021 11:47;23,5;24,15;0;41,44216;0;0,008432;0,001568;2;0;0;0;0;0;6,954203827;64,88517667;412,3501971;0;30,07011612
03.03.2021 11:52;23,58333333;24,15;0;41,45;0;9,05E-03;9,53E-04;2;0;0;0;0;0;6,961258145;68,86714;404,3777604;0;30,00757063
03.03.2021 11:57;23,66666667;24,15;0;41,45;0;1,59E-03;7,46E-03;2;0;0;0;0;0;6,958223228;70,86295551;404,3519116;0;29,95928959
03.03.2021 12:02;23,75;24,15;0;41,45;0;0;2,54E-03;2;0;0;0;0;0;6,95305371;72,22301545;404,6186512;0;29,92980066
03.03.2021 12:07;23,83333333;24,15;0;41,45;0;0;7,46E-03;2;0;0;0;0;0;6,95274564;72,97990771;404,3793023;0;29,92638675
03.03.2021 12:12;23,91666667;24,15;0;41,47764286;0;0;0,0016245;2;0;0;0;0;0;6,951333164;72,75655133;404,313;0;29,94032754
03.03.2021 12:17;24;24,15;0;41,90110603;0;0;0;2;0;0;0;0;0;6,944201219;72,97056825;404,313;0;29,96645105
03.03.2021 12:22;24,08333333;24,15;0;43,87872121;0;0;0;2;0;0;0;0;0;6,941944584;71,42768554;404,313;0;29,98389546
03.03.2021 12:27;24,16666667;24,15;0;46,61969657;0;8,96E-04;0;2;0;0;0;0;0;6,953258877;69,28113192;404,313;0;29,99885829
03.03.2021 12:32;24,25;24,15;0;47,15446539;0;8,34E-03;0;2;0;0;0;0;0;6,95400527;65,20917561;404,313;0;30,01518515
03.03.2021 12:37;24,33333333;24,15;0;47,3586412;0;9,12E-03;8,79E-04;2;0;0;0;0;0;6,943563987;61,37282867;404,7644738;0;30,04392658
03.03.2021 12:42;24,41666667;24,15;0;48,88631702;0;1,70E-03;7,44E-03;2;0;0;0;0;0;6,937315488;51,13770333;444,1265238;0;30,09148377
03.03.2021 12:47;24,5;24,15;0;50,14597811;0;0;2,57E-03;2;0;0;0;0;0;6,94561516;49,22883333;557,359075;0;30,17583766
03.03.2021 12:52;24,58333333;24,15;0;50,45420384;0;0;7,43E-03;2;0;0;0;0;0;6,94617219;60,5161409;415,7081353;0;30,17616609
03.03.2021 12:57;24,66666667;24,15;0;50,83576848;0;0;2,57E-03;2;0;0;0;0;0;6,943833347;63,60254744;404,2660197;0;30,11024421
03.03.2021 13:02;24,75;24,15;0;52,7593018;0;0;8,27E-03;2;0;0;0;0;0;6,943243331;66,0300735;404,313;0;30,03313396
03.03.2021 13:07;24,83333333;24,15;0;55,9799075;0;0;9,16E-03;2;0;0;0;0;0;6,982313248;66,06124293;404,313;0;30,03726538
03.03.2021 13:12;24,91666667;24,15;0;56,65;0;0;2,58E-03;2;0;0;0;0;0;7,017601838;66,25116464;404,313;0;30,01902691
03.03.2021 13:17;25;24,15;0;56,65;0;8,13E-04;8,23E-03;2;0;0;0;0;0;7,02277072;64,78576994;404,2907945;0;30,00266121
03.03.2021 13:22;25,08333333;24,15;0;56,65;0;7,41E-03;0,01;2;0;0;0;0;0;7,018403616;63,43716414;404,1107273;0;29,99756794
03.03.2021 13:27;25,16666667;24,15;0;56,65;0;1,79E-03;0,0092;2;0;0;0;0;0;7,012196412;61,20668117;404,2640233;0;29,97538206
03.03.2021 13:32;25,25;24,15;0;56,65;0;7,97E-04;2,60E-03;2;0;0;0;0;0;7,002182658;57,71477152;404,313;0;29,97
03.03.2021 13:37;25,33333333;24,15;0;56,65;0;8,19E-03;7,40E-03;2;0;0;0;0;0;6,992032497;52,83359424;404,4410117;0;29,97234454
03.03.2021 13:42;25,41666667;24,15;0;56,65;0;0,01;1,85E-03;2;0;0;0;0;0;6,982166003;49,67055036;407,0578751;0;29,99559242
03.03.2021 13:47;25,5;24,15;0;56,65;0;0,01;0;2;0;0;0;0;0;6,972939621;49,62481307;417,0983831;0;30,01443071
03.03.2021 13:52;25,58333333;24,15;0;56,65372536;0;9,25E-03;7,45E-04;2;0;0;0;0;0;6,962539759;49,8236954;422,6489176;0;30,04047494
03.03.2021 13:57;25,66666667;24,15;0;56,81175381;0;2,63E-03;8,10E-03;2;0;0;0;0;0;6,946455991;49,58733242;424,9724267;0;30,05715739
03.03.2021 14:02;25,75;24,15;0;58,25229381;0;7,37E-03;9,27E-03;2;0;0;0;0;0;6,939330056;49,36935446;428,7987073;0;30,06329527
03.03.2021 14:07;25,83333333;24,15;0;60,73489369;0;2,64E-03;1,92E-03;2;0;0;0;0;0;6,997480083;49,25911756;435,2680538;0;30,09421373
03.03.2021 14:12;25,91666667;24,15;0;61,3;0;7,36E-03;0;2;0;0;0;0;0;7,03112304;50,26093215;431,8939169;0;30,0786072
03.03.2021 14:17;26;24,15;0;61,3;0;1,94E-03;0;2;0;0;0;0;0;7,034909871;50,05494033;430,3492292;0;30,04974472
03.03.2021 14:22;26,08333333;24,15;0;61,3;0;7,07E-04;0;2;0;0;0;0;0;7,030999354;49,86980717;433,0526796;0;30,03397463
03.03.2021 14:27;26,16666667;24,15;0;61,3;0;8,04E-03;6,95E-04;2;0;0;0;0;0;7,021597076;49,33357917;438,473739;0;30,04206445
03.03.2021 14:32;26,25;24,15;0;61,3;0;0,0093155;8,02E-03;2;0;0;0;0;0;7,012829376;49,76723017;449,4098924;0;30,045
03.03.2021 14:37;26,33333333;24,15;0;61,3;0;0,0019845;9,32E-03;2;0;0;0;0;0;7,002091389;49,51445067;456,327977;0;30,04397666
03.03.2021 14:42;26,41666667;24,15;0;61,3;0;0;2,67E-03;2;0;0;0;0;0;6,987526006;50,20283833;457,585128;0;30,03299834
03.03.2021 14:47;26,5;24,15;0;61,3;0;6,70E-04;7,99E-03;2;0;0;0;0;0;6,976201569;50,08198075;446,1678567;0;30,03
03.03.2021 14:52;26,58333333;24,15;0;61,3;0;7,98E-03;9,34E-03;2;0;0;0;0;0;6,964499909;49,51002044;449,3451746;0;30,03198017
03.03.2021 14:57;26,66666667;24,15;0;61,38881146;0;9,34E-03;2,03E-03;2;0;0;0;0;0;6,950719045;49,65339881;452,1124297;0;30,05391983
03.03.2021 15:02;26,75;24,15;0;62,76565846;0;2,04E-03;6,46E-04;2;0;0;0;0;0;6,93624505;49,62561167;458,2494104;0;30,06
03.03.2021 15:07;26,83333333;24,17226194;0;67,82472397;0;0;7,30E-03;2;0;0;0;0;0;6,957785882;49,68812667;460,4340371;0;30,06381633
03.03.2021 15:12;26,91666667;24,66529979;0;69,57930611;0;0;2,07E-03;2;0;0;0;0;0;7,054527313;50,32353;456,8129475;0;30,10473093
03.03.2021 15:17;27;27,78170895;0;69,6;0;6,24E-04;0;2,436955556;0;0;0;0;0;7,060539144;48,90919;471,433326;0;30,08250507
03.03.2021 15:22;27,08333333;32,58486054;0;69,6;0;7,29E-03;0;7,536377778;0;0;0;0;0;7,082340169;40,82070128;724,827466;0;30,04660655
03.03.2021 15:27;27,16666667;37,23936877;0;69,6;0;2,11E-03;6,10E-04;9;0;0;0;0;0;7,059571429;48,7633867;742,9301023;0;29,98762251
03.03.2021 15:32;27,25;38,25;0;69,6;0;6,01E-04;7,87E-03;9;0;0;0;0;0;7,049671913;49,20319446;749,8580138;0;29,9936186
03.03.2021 15:37;27,33333333;38,25;0;69,6;0;7,27E-03;0,01;9;0;0;0;0;0;7,041962572;49,7097524;755,2282509;0;30
03.03.2021 15:42;27,41666667;38,25;0;69,6;0;2,15E-03;0,01;9;0;0;0;0;0;7,027613084;49,18116515;765,189247;0;30,00088408
03.03.2021 15:47;27,5;38,25;0;69,6;0;5,87E-04;0,009412569;9;0;0;0;0;0;7,012961102;48,94465842;773,8562473;0;30,01264706
03.03.2021 15:52;27,58333333;38,25;0;69,6;0;7,83E-03;2,17E-03;9;0;0;0;0;0;6,996100864;49,3552186;780,4716355;0;30,02847209
03.03.2021 15:57;27,66666667;38,25;0;69,6;0;9,43E-03;0;9;0;0;0;0;0;6,980879728;49,26792242;796,2766933;0;30,05257168
03.03.2021 16:02;27,75;38,25;0;69,60847259;0;2,76E-03;5,65E-04;9;0;0;0;0;0;6,961716374;49,14160283;805,7018463;0;30,04830008
03.03.2021 16:07;27,83333333;38,25;0;69,81955519;0;7,79E-03;7,23E-03;9;0;0;0;0;0;6,945988188;49,22956995;811,2148391;0;30,04583333
03.03.2021 16:12;27,91666667;38,25;0;71,21103728;0;9,45E-03;2,22E-03;9;0;0;0;0;0;6,947945367;49,11218531;818,4603992;0;30,0583278
03.03.2021 16:17;28;38,25;0;71,92957577;0;2,78E-03;0;9;0;0;0;0;0;6,946118522;49,21669364;825,025014;0;30,08165537
03.03.2021 16:22;28,08333333;38,25;0;72,2958636;0;7,21E-03;0;9;0;0;0;0;0;6,945217076;49,41666434;827,7820978;0;30,0667335
03.03.2021 16:27;28,16666667;38,25;0;72,71428239;0;0,002259358;0;9;0;0;0;0;0;6,947724009;49,52269302;830,6907852;0;30,05920233
03.03.2021 16:32;28,25;38,25;0;73,05506901;0;0;0;9;0;0;0;0;0;6,943597248;49,6446052;839,1732589;0;30,04763859
03.03.2021 16:37;28,33333333;38,25;0;73,48084156;0;5,21E-04;0;9;0;0;0;0;0;6,942;49,54172709;845,1291078;0;30,03421556
03.03.2021 16:42;28,41666667;38,25;0;74,07581927;0;7,18E-03;0;9;0;0;0;0;0;6,9419488;49,23634652;849,1790896;0;30,04154352
03.03.2021 16:47;28,5;38,25;0;74,60736346;0;0,002312;0;9;0;0;0;0;0;6,94128223;48,77012125;860,7479483;0;30,04576545
03.03.2021 16:52;28,58333333;38,25;0;75,08539766;0;0;0;9;0;0;0;0;0;6,942068137;48,99631086;868,7005391;0;30,05650955
03.03.2021 16:57;28,66666667;38,25;0;75,80569869;0;0;5,00E-04;9;0;0;0;0;0;6,946299333;49,06833338;877,8253807;0;30,06
03.03.2021 17:02;28,75;38,25;0;76,66387708;0;0;7,16E-03;9;0;0;0;0;0;6,943556611;49,39664275;884,0869065;0;30,06
03.03.2021 17:07;28,83333333;38,25;0;77,82519812;0;0,0004805;2,37E-03;9;0;0;0;0;0;6,944240173;49,3953166;893,3086668;0;30,06072075
03.03.2021 17:12;28,91666667;38,25;0;78,66449374;0;8,10E-03;0;9;0;0;0;0;0;6,94423805;48,9010731;904,1071482;0;30,07214761
03.03.2021 17:17;29;38,25;0;79,31544793;0;1,67E-02;0;9;0;0;0;0;0;6,944329156;49,14995473;912,476705;0;30,08570131
03.03.2021 17:22;29,08333333;38,25;0;79,8363627;0;4,81E-03;0;9;0;0;0;0;0;6,948989449;49,49836199;915,9731106;0;30,07790234
03.03.2021 17:27;29,16666667;38,25;0;80,65690947;0;0;0;9;0;0;0;0;0;6,945601357;49,56199142;918,7513899;0;30,06362799
03.03.2021 17:32;29,25;38,25;0;81,50640116;0;0;0;9;0;0;0;0;0;6,941858372;49,33157326;921,8526865;0;30,059325
03.03.2021 17:37;29,33333333;38,25;0;82,58328322;0;0;4,49E-04;9;0;0;0;0;0;6,93237186;49,38075897;923,5320356;0;30,04934776
03.03.2021 17:42;29,41666667;38,25;0;83,98056122;0;0;7,53E-03;9;0;0;0;0;0;6,943911151;49,37070925;925,8524165;0;30,05630224
03.03.2021 17:47;29,5;38,25;0;85,80795345;0;0;9,56E-03;9;0;0;0;0;0;6,950505322;49,13485016;933,0500949;0;30,06131578
03.03.2021 17:52;29,58333333;38,25;0;87,17072877;0;0;2,49E-03;9;0;0;0;0;0;6,950784889;49,14334606;936,4294898;0;30,08188889
03.03.2021 17:57;29,66666667;38,25;0;87,80907965;0;0;0;9;0;0;0;0;0;6,947248444;49,14754062;941,6776532;0;30,07810214
03.03.2021 18:02;29,75;38,25;0;88,30582641;0;0;0;9;0;0;0;0;0;6,945203704;49,70324632;941,4060235;0;30,06439684
03.03.2021 18:07;29,83333333;38,25;0;88,99063394;0;0;0;9;0;0;0;0;0;6,932311029;49,28207795;944,6380292;0;30,07058001
03.03.2021 18:12;29,91666667;38,25;0;89,73170714;0;0;0;9;0;0;0;0;0;6,936028838;49,25543257;948,2375673;0;30,06443062
03.03.2021 18:17;30;38,25;0;90,33322951;0;4,00E-04;0;9;0;0;0;0;0;6,940648117;49,25458705;954,2944125;0;30,07236088
03.03.2021 18:22;30,08333333;38,25;0;90,94007668;0;7,02E-03;0;9;0;0;0;0;0;6,943927445;48,14819771;981,3645018;0;30,09842583
03.03.2021 18:27;30,16666667;38,25;0;91,92340837;0;0,002592;0;9;0;0;0;0;0;6,944376409;48,72043085;1017,91299;0;30,127224
03.03.2021 18:32;30,25;38,25;0;92,62573107;0;3,83E-04;3,83E-04;9;0;0;0;0;0;6,945835068;48,98923276;1023,423867;0;30,135
03.03.2021 18:37;30,33333333;38,25;0;93,14598778;0;7,38E-03;7,38E-03;9;0;0;0;0;0;6,939730872;49,37340229;1027,087711;0;30,13442592
03.03.2021 18:42;30,41666667;38,25;0;93,81663;0;9,62E-03;9,62E-03;9;0;0;0;0;0;6,93898555;49,26331249;1037,599589;0;30,12335
03.03.2021 18:47;30,5;38,25;0;94,94053056;0;3,00E-03;3,00E-03;9;0;0;0;0;0;6,936105444;49,2873075;1041,692944;0;30,10892408
03.03.2021 18:52;30,58333333;38,25;0;95,88472861;0;7,00E-03;7,00E-03;9;0;0;0;0;0;6,944222706;48,98577033;1051,946967;0;30,10557408
03.03.2021 18:57;30,66666667;38,25;0;96,92211694;0;3,00E-03;2,62E-03;9;0;0;0;0;0;6,945555183;48,70672633;1065,866172;0;30,11722408
03.03.2021 19:02;30,75;38,25;0;97,68513611;0;7,38E-03;3,83E-04;9;0;0;0;0;0;6,940186911;48,84957244;1080,849768;0;30,14100367
03.03.2021 19:07;30,83333333;38,25;0;98,65816056;0;0,01;7,00E-03;9;0;0;0;0;0;6,932151867;48,67961098;1089,821741;0;30,12899633
03.03.2021 19:12;30,91666667;38,25;0;99,82243194;0;9,62E-03;2,62E-03;9;0;0;0;0;0;6,939184433;47,57254577;1092;0;30,14157775
03.03.2021 19:17;31;38,25;0;100,8627103;0;3,00E-03;3,83E-04;9;0;0;0;0;0;6,940161239;46,39071769;1092;0;30,13949817
03.03.2021 19:22;31,08333333;38,25;0;102,2773578;0;7,00E-03;7,00E-03;9;0;0;0;0;0;6,941100367;45,59576497;1092;0;30,14665
03.03.2021 19:27;31,16666667;38,25;0;103,5762592;0;3,00E-03;2,62E-03;9;0;0;0;0;0;6,939937906;43,78701333;1092;0;30,16050183
03.03.2021 19:32;31,25;38,25;0;104,6540183;0;7,00E-03;3,83E-04;9;0;0;0;0;0;6,941800489;42,49559634;1092;0;30,15392408
03.03.2021 19:37;31,33333333;38,25;0;105,4825;0;3,00E-03;7,00E-03;9;0;0;0;0;0;6,939855061;41,1471041;1092;0;30,15114817
03.03.2021 19:42;31,41666667;38,25;0;106,2305864;0;7,38E-03;2,62E-03;9;0;0;0;0;0;6,937604361;38,37143848;1091,291836;0;30,15148483
03.03.2021 19:47;31,5;38,25;0;106,9168761;0;9,62E-03;0;9;0;0;0;0;0;6,979796283;74,69146667;777,0153002;0;29,76347042
03.03.2021 19:52;31,58333333;38,25;0;107,1;0;3,00E-03;0;9;0;0;0;0;0;7,022720839;56,14115333;548,461809;0;29,29779475
03.03.2021 19:57;31,66666667;38,25;0;107,1;0;7,38E-03;0;9;0;0;0;0;0;7,030068867;44,26303333;640,470103;0;29,21092983
03.03.2021 20:02;31,75;38,25;0;107,1;0;0,01;3,83E-04;9;0;0;0;0;0;7,002520017;51,10877667;716,8399875;0;29,47369242
03.03.2021 20:07;31,83333333;38,25;0;107,1;0;9,62E-03;7,38E-03;9;0;0;0;0;0;6,984954206;50,12121667;664,7187706;0;29,62037958
03.03.2021 20:12;31,91666667;38,25;0;107,1;0;2,62E-03;9,62E-03;9;0;0;0;0;0;6,984089144;52,69132667;607,7153469;0;29,63712958
03.03.2021 20:17;32;38,25;0;107,1;0;3,83E-04;3,00E-03;9;0;0;0;0;0;6,99562295;53,90938;524,1717026;0;29,58634267
03.03.2021 20:22;32,08333333;38,25;0;107,1;0;7,38E-03;7,00E-03;9;0;0;0;0;0;6,995848761;47,31448;589,6205224;0;29,6033945
03.03.2021 20:27;32,16666667;38,25;0;107,1;0;0,01;2,62E-03;9;0;0;0;0;0;6,985986178;32,38999667;528,123232;0;29,71255367
03.03.2021 20:32;32,25;38,25;0;107,1;0;9,62E-03;0;9;0;0;0;0;0;6,978515533;48,65192667;573,5650375;0;29,810139
03.03.2021 20:37;32,33333333;38,25;0;107,1057408;0;3,00E-03;0;9;0;0;0;0;0;6,950344483;46,20577622;663,0158308;0;30,004272
03.03.2021 20:42;32,41666667;38,25;0;107,2107592;0;7,00E-03;0;9;0;0;0;0;0;6,956327522;55,90694024;518,1779679;0;29,99287592
03.03.2021 20:47;32,5;38,25;0;107,25;0;2,62E-03;0;9;0;0;0;0;0;6,968224556;49,42208021;492,8276414;0;29,88426308
03.03.2021 20:52;32,58333333;38,25;0;107,2576544;0;3,83E-04;0;9;0;0;0;0;0;6,962418394;44,35096333;580,245666;0;29,91226858
03.03.2021 20:57;32,66666667;38,25;0;107,4091606;0;7,38E-03;0;9;0;0;0;0;0;6,950947906;49,96289778;625,982266;0;30,06307775
03.03.2021 21:02;32,75;38,25;0;107,7308403;0;9,62E-03;3,83E-04;9;0;0;0;0;0;6,943887033;41,45336422;779,8624925;0;30,21788717
03.03.2021 21:07;32,83333333;38,25;0;108,9500061;0;2,62E-03;7,00E-03;9;0;0;0;0;0;6,934380122;43,49893133;977,9776076;0;30,4976165
03.03.2021 21:12;32,91666667;38,25;0;110,4242531;0;0;2,62E-03;9;0;0;0;0;0;6,923434222;46,64698667;1057,946728;0;30,64152775
03.03.2021 21:17;33;38,25;0;111,8009747;0;0;0;9;0;0;0;0;0;6,939663822;48,84967667;1088,548552;0;30,67928142
03.03.2021 21:22;33,08333333;38,25;0;112,4937592;0;0;3,83E-04;9;0;0;0;0;0;6,959187506;46,08364059;1088,310233;0;30,62773142
03.03.2021 21:27;33,16666667;38,25;0;112,8789267;0;3,83E-04;7,00E-03;9;0;0;0;0;0;6,948831867;43,50785036;1091,737448;0;30,47921858
03.03.2021 21:32;33,25;38,25;0;114,0554319;0;7,00E-03;2,62E-03;9;0;0;0;0;0;6,944055794;44,45647238;1091,918133;0;30,37445367
03.03.2021 21:37;33,33333333;38,25;0;115,3784878;0;2,62E-03;3,83E-04;9;0;0;0;0;0;6,937260383;45,64045782;1091,808867;0;30,2585945
03.03.2021 21:42;33,41666667;38,25;0;116,7685122;0;0;7,00E-03;9;0;0;0;0;0;6,941077767;46,596979;1091,928582;0;30,18890183
03.03.2021 21:47;33,5;38,25;0;118,0612653;0;3,83E-04;2,62E-03;9;0;0;0;0;0;6,938284206;47,92298746;1092,036569;0;30,12404633
03.03.2021 21:52;33,58333333;38,25;0;119,1094442;0;7,00E-03;0;9;0;0;0;0;0;6,939806789;48,06656016;1092,658518;0;30,09277592
03.03.2021 21:57;33,66666667;38,25;0;119,8269206;0;2,62E-03;0;9;0;0;0;0;0;6,942488011;48,94907889;1092,058831;0;30,0667
03.03.2021 22:02;33,75;38,25;0;121,3215244;0;0;3,83E-04;9;0;0;0;0;0;6,930889039;49,55531019;1091,965151;0;30,03784817
03.03.2021 22:07;33,83333333;38,25;0;122,8378944;0;0;7,00E-03;9;0;0;0;0;0;6,942568378;50,88727797;1092,668967;0;30,02885183
03.03.2021 22:12;33,91666667;38,25;0;123,5514136;0;3,83E-04;3,00E-03;9;0;0;0;0;0;6,946046422;55,37816184;1092,213395;0;30,00784817
03.03.2021 22:17;34;38,25;0;124,0382698;0;7,00E-03;7,00E-03;9;0;0;0;0;0;6,944809275;55,6626519;1086,864724;0;29,99885565
03.03.2021 22:22;34,08333333;38,25;0;124,538973;0;2,63E-03;2,63E-03;9;0;0;0;0;0;6,941465148;51,6275181;1033,456372;0;29,97845469
03.03.2021 22:27;34,16666667;38,25;0;125,0734656;0;0;0;9;0;0;0;0;0;6,9428692;50,37107333;1026,933617;0;29,9816
03.03.2021 22:32;34,25;38,25;0;125,59227;0;3,74E-04;0;9;0;0;0;0;0;6,942640111;49,99383667;1023,300236;0;29,99603967
03.03.2021 22:37;34,33333333;38,25;0;126,2176089;0;6,99E-03;0;9;0;0;0;0;0;6,944357356;49,90761333;1025,196953;0;30,00056033
03.03.2021 22:42;34,41666667;38,25;0;127,14519;0;2,64E-03;0;9;0;0;0;0;0;6,947682422;49,14888784;1033,905978;0;30,01047933
03.03.2021 22:47;34,5;38,25;0;127,8696033;0;3,74E-04;3,74E-04;9;0;0;0;0;0;6,943624022;48,92445216;1041,246942;0;30,00396033
03.03.2021 22:52;34,58333333;38,25;0;128,56319;0;7,36E-03;6,99E-03;9;0;0;0;0;0;6,938518022;48,31555333;1069,723179;0;30
03.03.2021 22:57;34,66666667;38,25;0;128,9894711;0;0,01;2,64E-03;9;0;0;0;0;0;6,953166711;47,69347556;1091,028761;0;30
03.03.2021 23:02;34,75;38,25;0;129,4478733;0;0,01;0;9;0;0;0;0;0;6,937123644;50,11046378;1091,819474;0;30
03.03.2021 23:07;34,83333333;38,25;0;130,1611956;0;9,63E-03;0;9;0;0;0;0;0;6,9360584;49,54107289;1092,128844;0;30,00056033
03.03.2021 23:12;34,91666667;38,25;0;130,8270744;0;2,64E-03;0;9;0;0;0;0;0;6,938264022;49,20925378;1092,252604;0;30,01047933
03.03.2021 23:17;35;38,25;0;131,6697244;0;3,74E-04;0;9;0;0;0;0;0;6,9383362;47,17031525;1091,906849;0;30,00452067
03.03.2021 23:22;35,08333333;38,25;0;132,3346722;0;6,99E-03;0;9;0;0;0;0;0;6,944437022;45,20515208;1092,404732;0;30,01047933
03.03.2021 23:27;35,16666667;38,25;0;133,1134933;0;3,01E-03;3,74E-04;9;0;0;0;0;0;6,943058622;41,95454806;1092,190393;0;30,00396033
03.03.2021 23:32;35,25;38,25;0;134,7481044;0;6,99E-03;6,99E-03;9;0;0;0;0;0;6,936736089;39,23212342;1092,200922;0;30
03.03.2021 23:37;35,33333333;38,25;0;135,81935;0;2,64E-03;3,01E-03;9;0;0;0;0;0;6,933090911;36,61343352;1092,237307;0;30
03.03.2021 23:42;35,41666667;38,25;0;137,0414489;0;3,74E-04;6,99E-03;9;0;0;0;0;0;6,937962533;32,46660064;1091,620764;0;30,00056033
03.03.2021 23:47;35,5;38,25;0;137,9120056;0;6,99E-03;2,64E-03;9;0;0;0;0;0;6,940799556;29,2064291;1092,306813;0;30,009919
03.03.2021 23:52;35,58333333;38,25;0;138,7665456;0;3,01E-03;0;9;0;0;0;0;0;6,929536867;25,38209393;1092,381117;0;29,993481
03.03.2021 23:57;35,66666667;38,25;0;140,0395811;0;6,99E-03;0;9;0;0;0;0;0;6,939455533;22,23483851;1092,273;0;29,99603967
04.03.2021 00:02;35,75;38,25;0;140,8770744;0;2,64E-03;0;9;0;0;0;0;0;6,945074711;17,904123;1092,273;0;30
04.03.2021 00:07;35,83333333;38,25;0;141,7197244;0;3,74E-04;0;9;0;0;0;0;0;6,9460984;12,98724188;1092,273;0;30
04.03.2021 00:12;35,91666667;38,25;0;142,3884078;0;6,99E-03;0;9;0;0;0;0;0;6,938967822;8,065107115;1092,273;0;30
04.03.2021 00:17;36;38,25;0;143,2221489;0;2,64E-03;0;9;0;0;0;0;0;6,924462156;1,347350389;1092,288297;0;30
04.03.2021 00:22;36,08333333;38,25;0;144,6037133;0;0;0;9;0;0;0;0;0;6,933020933;0,233412667;1092,559086;0;29,99943967
04.03.2021 00:27;36,16666667;38,25;0;145,5394656;0;0;0;9;0;0;0;0;0;6,938623911;0,191706889;1092,396414;0;29,9884
04.03.2021 00:32;36,25;38,25;0;146,20827;0;3,74E-04;0;9;0;0;0;0;0;6,937165622;0,152055111;1092,559086;0;29,971719
04.03.2021 00:37;36,33333333;38,25;0;147,0022867;0;6,99E-03;0;9;0;0;0;0;0;6,942986222;0,170933333;1092,381117;0;29,92472067
04.03.2021 00:42;36,41666667;38,25;0;148,4441211;0;3,01E-03;0;9;0;0;0;0;0;6,938864356;0,204956444;1092,273;0;29,88792067
04.03.2021 00:47;36,5;38,25;0;149,7393333;0;6,99E-03;3,74E-04;9;0;0;0;0;0;6,940229089;0,132429778;1092,288297;0;29,88
04.03.2021 00:52;36,58333333;38,25;0;150,88373;0;3,01E-03;6,99E-03;9;0;0;0;0;0;6,938394822;0,117708;1092,574383;0;29,88
04.03.2021 00:57;36,66666667;38,25;0;151,9718956;0;7,73E-03;3,01E-03;9;0;0;0;0;0;6,938658733;0,179625333;1092,667203;0;29,87943967
04.03.2021 01:02;36,75;38,25;0;153,8987822;0;1,66E-02;7,36E-03;9;0;0;0;0;0;6,942268978;0,212478222;1092,396414;0;29,86952067
04.03.2021 01:07;36,83333333;38,25;0;155,6156033;0;5,28E-03;9,63E-03;9;0;0;0;0;0;6,936352511;0,178456222;1092,584581;0;29,8766
04.03.2021 01:12;36,91666667;38,25;0;157,2241322;0;0;2,64E-03;9;0;0;0;0;0;6,941159333;0,208903556;1092,873224;0;29,89047933
04.03.2021 01:17;37;38,25;0;158,8392011;0;3,74E-04;0;9;0;0;0;0;0;6,932499511;0,179228667;1092,739281;0;29,88452067
04.03.2021 01:22;37,08333333;38,25;0;160,4722644;0;6,99E-03;0;9;0;0;0;0;0;6,940598889;0,174719556;1092,381117;0;29,89103967
04.03.2021 01:27;37,16666667;38,25;0;162,0505344;0;2,64E-03;3,74E-04;9;0;0;0;0;0;6,925182156;0,178505778;1092,273;0;29,89443967
04.03.2021 01:32;37,25;38,25;0;163,6541433;0;0;6,99E-03;9;0;0;0;0;0;6,923048378;0,151308;1092,288297;0;29,885081
04.03.2021 01:37;37,33333333;38,25;0;165,56292;0;3,74E-04;2,64E-03;9;0;0;0;0;0;6,941252556;0,153972444;1092,559086;0;29,90263967
04.03.2021 01:42;37,41666667;38,25;0;167,1694656;0;7,36E-03;0;9;0;0;0;0;0;6,939717467;0,142292;1092,396414;0;29,92103967
04.03.2021 01:47;37,5;38,25;0;168,6162867;0;9,63E-03;3,74E-04;9;0;0;0;0;0;6,933170689;8,19E-02;1092,574383;0;29,925
04.03.2021 01:52;37,58333333;38,25;0;170,6599889;0;2,64E-03;7,36E-03;9;0;0;0;0;0;6,929504356;7,25E-02;1092,6825;0;29,92556033
04.03.2021 01:57;37,66666667;38,25;0;172,5789256;0;0;9,63E-03;9;0;0;0;0;0;6,937018511;3,81E-02;1092,667203;0;29,93547933
04.03.2021 02:02;37,75;38,25;0;174,1418789;0;0;3,01E-03;9;0;0;0;0;0;6,943231622;6,12E-02;1092,381117;0;29,93064133
04.03.2021 02:07;37,83333333;38,25;0;175,9798567;0;3,74E-04;6,99E-03;9;0;0;0;0;0;6,935346444;2,11E-02;1092,288297;0;29,956438
04.03.2021 02:12;37,91666667;38,25;0;177,6467989;0;6,99E-03;2,64E-03;9;0;0;0;0;0;6,917443533;0;1092,584581;0;29,93800167
04.03.2021 02:17;38;38,25;0;179,1786778;0;3,01E-03;0;9;0;0;0;0;0;6,924221378;0;1092,873224;0;29,94763967
04.03.2021 02:22;38,08333333;38,25;0;181,0149144;0;6,99E-03;0;9;0;0;0;0;0;6,941684733;0;1092,790271;0;29,96603967
04.03.2021 02:27;38,16666667;38,25;0;182,40054;0;2,64E-03;0;9;0;0;0;0;0;6,941037467;0;1093,350034;0;29,97112067
04.03.2021 02:32;38,25;38,25;0;183,7582589;0;3,74E-04;3,74E-04;9;0;0;0;0;0;6,937266556;0;1092,944971;0;29,991519
04.03.2021 02:37;38,33333333;38,25;0;184,9600056;0;6,99E-03;6,99E-03;9;0;0;0;0;0;6,932333778;0;1092,873224;0;29,98896033
04.03.2021 02:42;38,41666667;38,25;0;186,2850911;0;2,64E-03;3,01E-03;9;0;0;0;0;0;6,939493;0;1092,754578;0;29,985
04.03.2021 02:47;38,5;38,25;0;188,3923689;0;0;6,99E-03;9;0;0;0;0;0;6,941677467;0;1092,6825;0;29,985
04.03.2021 02:52;38,58333333;38,25;0;189,8381489;0;0;3,01E-03;9;0;0;0;0;0;6,943607711;0;1092,6825;0;29,985
04.03.2021 02:57;38,66666667;38,25;0;191,3790522;0;0;6,99E-03;9;0;0;0;0;0;6,937591733;0;1092,692698;0;29,98443967
04.03.2021 03:02;38,75;38,25;0;192,6656089;0;0;2,64E-03;9;0;0;0;0;0;6,921216867;0;1092,873224;0;29,9734
04.03.2021 03:07;38,83333333;38,25;0;194,0543967;0;0;0;9;0;0;0;0;0;6,928060822;0;1092,754578;0;29,95952067
04.03.2021 03:12;38,91666667;38,25;0;195,4383967;0;0;0;9;0;0;0;0;0;6,9295816;0;1092,707995;0;29,96603967
04.03.2021 03:17;39;38,25;0;196,6761322;0;3,74E-04;0;9;0;0;0;0;0;6,933151844;0;1093,195003;0;29,96943967
04.03.2021 03:22;39,08333333;38,25;0;197,8299944;0;7,36E-03;3,74E-04;9;0;0;0;0;0;6,934589089;0;1093,565922;0;29,95952067
04.03.2021 03:27;39,16666667;38,25;0;198,84643;0;9,63E-03;7,36E-03;9;0;0;0;0;0;6,9266054;0;1093,602307;0;29,96603967
04.03.2021 03:32;39,25;38,25;0;200,6933056;0;2,64E-03;9,63E-03;9;0;0;0;0;0;6,919008711;0;1092,944971;0;29,97112067
04.03.2021 03:37;39,33333333;38,25;0;202,0139944;0;3,74E-04;2,64E-03;9;0;0;0;0;0;6,9338876;0;1092,847729;0;29,991519
04.03.2021 03:42;39,41666667;38,25;0;202,8617522;0;6,99E-03;0;9;0;0;0;0;0;6,9443038;0;1092,328759;0;29,98952067
04.03.2021 03:47;39,5;38,25;0;204,23173;0;3,01E-03;0;9;0;0;0;0;0;6,943269089;0;1093,455924;0;29,994919
04.03.2021 03:52;39,58333333;38,25;0;205,69892;0;7,36E-03;0;9;0;0;0;0;0;6,932845733;0;1093,04289;0;29,97904133
04.03.2021 03:57;39,66666667;38,25;0;206,7166722;0;0,01;0;9;0;0;0;0;0;6,932242756;0;1092,6825;0;29,99207933
04.03.2021 04:02;39,75;38,25;0;207,7338567;0;9,63E-03;3,74E-04;9;0;0;0;0;0;6,938999889;0;1092,692698;0;30
04.03.2021 04:07;39,83333333;38,25;0;208,5400222;0;3,01E-03;6,99E-03;9;0;0;0;0;0;6,943133222;0;1092,898719;0;30
04.03.2021 04:12;39,91666667;38,25;0;209,8886444;0;6,99E-03;2,64E-03;9;0;0;0;0;0;6,9425654;0;1093,231388;0;30
04.03.2021 04:17;40;38,25;0;210,8100323;0;2,64E-03;0;9;0;0;0;0;0;6,942661515;0;1092,872859;0;30
04.03.2021 04:22;40,08333333;38,25;0;211,5997849;0;0,0003645;0,0003645;9;0;0;0;0;0;6,94145823;0;1092,87305;0;30
04.03.2021 04:27;40,16666667;38,25;0;212,3590475;0;0,006971;0,0073355;9;0;0;0;0;0;6,93862165;0;1092,765192;0;30
04.03.2021 04:32;40,25;38,25;0;213,4789025;0;0,003029;0,0096355;9;0;0;0;0;0;6,9216454;0;1092,882759;0;30
04.03.2021 04:37;40,33333333;38,25;0;215,0243725;0;0,006971;0,0026645;9;0;0;0;0;0;6,934061;0;1092,945549;0;30
04.03.2021 04:42;40,41666667;38,25;0;216,0220325;0;0,0026645;0,0003645;9;0;0;0;0;0;6,94569745;0;1092,765192;0;29,9989065
04.03.2021 04:47;40,5;38,25;0;216,6674675;0;0,0003645;0,006971;9;0;0;0;0;0;6,93959835;0;1092,882759;0;29,97635325
04.03.2021 04:52;40,58333333;38,25;0;217,3683875;0;0,006971;0,003029;9;0;0;0;0;0;6,9435223;0;1092,9555;0;29,9386305
04.03.2021 04:57;40,66666667;38,25;0;217,9477575;0;0,0026645;0,0073355;9;0;0;0;0;0;6,9356687;0;1092,930623;0;29,957463
04.03.2021 05:02;40,75;38,25;0;218,74824;0;0,0003645;0,01;9;0;0;0;0;0;6,92612705;0;1092,479729;0;29,96009025
04.03.2021 05:07;40,83333333;38,25;0;220,4292925;0;0,006971;0,01;9;0;0;0;0;0;6,93756165;0;1092,788574;0;29,97645975
04.03.2021 05:12;40,91666667;38,25;0;221,499935;0;0,003029;0,0096355;9;0;0;0;0;0;6,94094515;0;1093,26584;0;29,9745435
04.03.2021 05:17;41;38,25;0;222,4218225;0;0,006971;0,003029;9;0;0;0;0;0;6,9430071;0;1093,530431;0;29,98100325
04.03.2021 05:22;41,08333333;38,25;0;223,440275;0;0,0026645;0,0073355;9;0;0;0;0;0;6,94535775;0;1092,96197;0;29,985
04.03.2021 05:27;41,16666667;38,25;0;224,119855;0;0,0003645;0,01;9;0;0;0;0;0;6,94369;0;1093,168222;0;29,98554675
04.03.2021 05:32;41,25;38,25;0;224,6238375;0;0,0073355;0,0096355;9;0;0;0;0;0;6,94101805;0;1093,079538;0;29,99600325
04.03.2021 05:37;41,33333333;38,25;0;225,624;0;0,0096355;0,0026645;9;0;0;0;0;0;6,9443284;0;1093,240962;0;29,99945325
04.03.2021 05:42;41,41666667;38,25;0;226,7966625;0;0,003029;0,0003645;9;0;0;0;0;0;6,9443871;0;1093,064611;0;29,98899675
04.03.2021 05:47;41,5;38,25;0;227,4483225;0;0,006971;0,006971;9;0;0;0;0;0;6,9411387;0;1092,970426;0;29,98554675
04.03.2021 05:52;41,58333333;38,25;0;227,94229;0;0,0026645;0,0026645;9;0;0;0;0;0;6,9413942;0;1093,255889;0;29,9954565
04.03.2021 05:57;41,66666667;38,25;0;228,6126925;0;0;0;9;0;0;0;0;0;6,9406787;0;1093,350074;0;29,9895435
04.03.2021 06:02;41,75;38,25;0;229,7585175;0;0;0;9;0;0;0;0;0;6,94289775;0;1093,064611;0;29,99600325
04.03.2021 06:07;41,83333333;38,25;0;230,4904675;0;0;0;9;0;0;0;0;0;6,94275615;0;1092,9555;0;29,9989065
04.03.2021 06:12;41,91666667;38,25;0;231,12237;0;0;0;9;0;0;0;0;0;6,9331677;0;1092,9555;0;29,979087
04.03.2021 06:17;42;38,25;0;232,19063;0;0;0;9;0;0;0;0;0;6,9378755;0;1092,970426;0;29,9920065
04.03.2021 06:22;42,08333333;38,25;0;232,9950325;0;0;0;9;0;0;0;0;0;6,9423942;0;1093,240962;0;30
04.03.2021 06:27;42,16666667;38,25;0;233,5368225;0;0;0;9;0;0;0;0;0;6,9415329;0;1093,079538;0;30
04.03.2021 06:32;42,25;38,25;0;234,0716775;0;0;0;9;0;0;0;0;0;6,94110935;0;1093,240962;0;30,00054675
04.03.2021 06:37;42,33333333;38,25;0;234,6487875;0;0;0;9;0;0;0;0;0;6,9436016;0;1093,079538;0;30,01100325
04.03.2021 06:42;42,41666667;38,25;0;236,3614225;0;0;0,0003645;9;0;0;0;0;0;6,95148585;0;1093,26584;0;30,0139065
04.03.2021 06:47;42,5;38,25;0;237,18829;0;0;0,006971;9;0;0;0;0;0;6,94366415;0;1093,555308;0;29,99354025
04.03.2021 06:52;42,58333333;38,25;0;237,635;0;0;0,0026645;9;0;0;0;0;0;6,94655875;0;1093,437741;0;29,99600325
04.03.2021 06:57;42,66666667;38,25;0;238,135;0;0,0003645;0;9;0;0;0;0;0;6,94013125;0;1093,365;0;30
04.03.2021 07:02;42,75;38,25;0;238,6404675;0;0,006971;0;9;0;0;0;0;0;6,9436681;0;1093,365;0;29,99945325
04.03.2021 07:07;42,83333333;38,25;0;239,268725;0;0,0026645;0,0003645;9;0;0;0;0;0;6,9391132;0;1093,365;0;29,9895435
04.03.2021 07:12;42,91666667;38,25;0;240,2763875;0;0;0,006971;9;0;0;0;0;0;6,93985;0;1093,365;0;29,99600325
04.03.2021 07:17;43;38,25;0;241,224775;0;0;0,0026645;9;0;0;0;0;0;6,9447771;0;1093,365;0;30
04.03.2021 07:22;43,08333333;38,25;0;241,758;0;0;0;9;0;0;0;0;0;6,94805485;0;1093,365;0;30
04.03.2021 07:27;43,16666667;38,25;0;242,1853375;0;0,0003645;0;9;0;0;0;0;0;6,9460658;0;1093,374951;0;30
04.03.2021 07:32;43,25;38,25;0;243,1081625;0;0,006971;0;9;0;0;0;0;0;6,9451458;0;1093,530431;0;30
04.03.2021 07:37;43,33333333;38,25;0;243,748095;0;0,003029;0;9;0;0;0;0;0;6,94797065;0;1092,922167;0;30,00054675
04.03.2021 07:42;43,41666667;38,25;0;244,91855;0;0,006971;0,0003645;9;0;0;0;0;0;6,94929615;0;1092,421915;0;30,01155
04.03.2021 07:47;43,5;38,25;0;245,695935;0;0,0026645;0,0073355;9;0;0;0;0;0;6,941489;0;1093,05911;0;30,02490975
04.03.2021 07:52;43,58333333;38,25;0;246,42329;0;0,0003645;0,01;9;0;0;0;0;0;6,9437226;0;1093,064611;0;30,00744675
04.03.2021 07:57;43,66666667;38,25;0;247,34813;0;0,006971;0,0096355;9;0;0;0;0;0;6,94302935;0;1092,970426;0;29,9895435
04.03.2021 08:02;43,75;38,25;0;247,911645;0;0,003029;0,003029;9;0;0;0;0;0;6,9411571;0;1093,231012;0;29,99600325
04.03.2021 08:07;43,83333333;38,25;0;248,4086925;0;0,006971;0,006971;9;0;0;0;0;0;6,9392003;0;1092,889229;0;30
04.03.2021 08:12;43,91666667;38,25;0;249,359985;0;0,0026645;0,0026645;9;0;0;0;0;0;6,9459597;0;1093,158271;0;29,9989065
04.03.2021 08:17;44;38,25;0;249,992855;0;0,0003645;0;9;0;0;0;0;0;6,9467629;0;1092,889229;0;29,979087
04.03.2021 08:22;44,08333333;38,25;0;250,3695;0;0,006971;0;9;0;0;0;0;0;6,94548515;0;1093,183148;0;29,9920065
04.03.2021 08:27;44,16666667;38,25;0;250,7195;0;0,0026645;0;9;0;0;0;0;0;6,9489639;0;1093,399828;0;30
04.03.2021 08:32;44,25;38,25;0;251,0895475;0;0,0003645;0;9;0;0;0;0;0;6,94179645;0;1094,031079;0;30
04.03.2021 08:37;44,33333333;38,25;0;251,843;0;0,006971;0;9;0;0;0;0;0;6,9314777;0;1093,604667;0;30
04.03.2021 08:42;44,41666667;38,25;0;252,743;0;0,0026645;0,0003645;9;0;0;0;0;0;6,9391855;0;1093,089488;0;30,00054675
04.03.2021 08:47;44,5;38,25;0;253,6411775;0;0;0,006971;9;0;0;0;0;0;6,94666775;0;1093,431271;0;30,0104565
04.03.2021 08:52;44,58333333;38,25;0;254,48992;0;0;0,0026645;9;0;0;0;0;0;6,94810935;0;1093,137352;0;30,00399675
04.03.2021 08:57;44,66666667;38,25;0;255,0300975;0;0,0003645;0;9;0;0;0;0;0;6,95005485;0;1092,970426;0;29,99945325
04.03.2021 09:02;44,75;38,25;0;255,160935;0;0,006971;0,0003645;9;0;0;0;0;0;6,94802935;0;1093,255889;0;29,98899675
04.03.2021 09:07;44,83333333;38,25;0;255,38829;0;0,0026645;0,006971;9;0;0;0;0;0;6,9463029;0;1093,350074;0;29,98445325
04.03.2021 09:12;44,91666667;38,25;0;255,8441125;0;0;0,003029;9;0;0;0;0;0;6,94677;0;1093,029783;0;29,9723565
04.03.2021 09:17;45;38,25;0;256,51292;0;0,0003645;0,006971;9;0;0;0;0;0;6,9476242;0;1092,304347;0;29,93808375
04.03.2021 09:22;45,08333333;38,25;0;256,9821727;0;6,97E-03;0,0026645;9;0;0;0;0;0;6,945654034;0;1093,001296;0;29,9486413
04.03.2021 09:27;45,16666667;38,25;0;257,5659587;0;2,68E-03;0;9;0;0;0;0;0;6,942285316;0;1093,35044;0;29,98687353
04.03.2021 09:32;45,25;38,25;0;257,8337778;0;0;0;9;0;0;0;0;0;6,945457778;0;1093,08017;0;29,97806667
04.03.2021 09:37;45,33333333;38,25;0;258,0693333;0;3,56E-04;3,56E-04;9;0;0;0;0;0;6,948675556;0;1093,24033;0;29,97
04.03.2021 09:42;45,41666667;38,25;0;258,15;0;6,96E-03;6,96E-03;9;0;0;0;0;0;6,953386667;0;1093,06561;0;29,97
04.03.2021 09:47;45,5;38,25;0;258,15;0;2,69E-03;2,69E-03;9;0;0;0;0;0;6,955035556;0;1092,97006;0;29,97106667
04.03.2021 09:52;45,58333333;38,25;0;258,15;0;0;0;9;0;0;0;0;0;6,955517778;0;1093,25489;0;29,99193333
04.03.2021 09:57;45,66666667;38,25;0;258,15;0;7,11E-04;3,56E-04;9;0;0;0;0;0;6,951791111;0;1093,35044;0;29,99946667
04.03.2021 10:02;45,75;38,25;0;258,15;0;1,43E-02;6,96E-03;9;0;0;0;0;0;6,953655556;0;1093,08017;0;29,98956667
04.03.2021 10:07;45,83333333;38,25;0;258,15;0;1,27E-02;2,69E-03;9;0;0;0;0;0;6,955462222;0;1093,25489;0;29,99543333
04.03.2021 10:12;45,91666667;38,25;0;258,15;0;9,64E-03;0;9;0;0;0;0;0;6,964611111;0;1093,365;0;29,98956667
04.03.2021 10:17;46;38,25;0;258,15;0;2,69E-03;0;9;0;0;0;0;0;6,970335556;0;1093,326173;0;29,99596667
04.03.2021 10:22;46,08333333;38,25;0;258,15;0;0;3,56E-04;9;0;0;0;0;0;6,974422222;0;1092,605453;0;30
04.03.2021 10:27;46,16666667;38,25;0;258,15;0;0;6,96E-03;9;0;0;0;0;0;6,985484444;0;1093,047107;0;29,99946667
04.03.2021 10:32;46,25;38,25;0;258,15;0;3,56E-04;2,69E-03;9;0;0;0;0;0;6,99426;0;1092,91455;0;29,98956667
04.03.2021 10:37;46,33333333;38,25;0;258,15;0;7,31E-03;3,56E-04;9;0;0;0;0;0;6,999066667;0;1093,6562;0;29,99596667
04.03.2021 10:42;46,41666667;38,25;0;258,15;0;0,01;6,96E-03;9;0;0;0;0;0;7,003137778;0;1093,533957;0;30
04.03.2021 10:47;46,5;38,25;0;258,15;0;9,64E-03;2,69E-03;9;0;0;0;0;0;7,008457778;0;1093,041343;0;30
04.03.2021 10:52;46,58333333;38,25;0;258,15;0;3,04E-03;3,56E-04;9;0;0;0;0;0;7,011391111;0;1092,480783;0;30
04.03.2021 10:57;46,66666667;38,25;0;258,15;0;7,31E-03;6,96E-03;9;0;0;0;0;0;7,010431111;0;1092,771983;0;30,00053333
04.03.2021 11:02;46,75;38,25;0;258,15;0;9,64E-03;3,04E-03;9;0;0;0;0;0;7,007771111;0;1092,931233;0;30,01043333
04.03.2021 11:07;46,83333333;38,25;0;258,15;0;3,04E-03;6,96E-03;9;0;0;0;0;0;7,006162222;0;1092,480783;0;30,00403333
04.03.2021 11:12;46,91666667;38,25;0;258,15;0;7,31E-03;2,69E-03;9;0;0;0;0;0;7,003557778;0;1092,786543;0;30
04.03.2021 11:17;47;38,25;0;258,15;0;9,64E-03;0;9;0;0;0;0;0;6,997917778;0;1093,24033;0;30
04.03.2021 11:22;47,08333333;38,25;0;258,15;0;2,69E-03;0;9;0;0;0;0;0;6,996624444;0;1093,031637;0;29,99946667
04.03.2021 11:27;47,16666667;38,25;0;258,15;0;3,56E-04;0;9;0;0;0;0;0;6,994806667;0;1092,290897;0;29,98956667
04.03.2021 11:32;47,25;38,25;0;258,15;0;7,31E-03;0;9;0;0;0;0;0;6,993822222;0;1092,722843;0;29,99436667
04.03.2021 11:37;47,33333333;38,25;0;258,15;0;0,01;0;9;0;0;0;0;0;6,990308889;0;1093,430217;0;29,96603333
04.03.2021 11:42;47,41666667;38,25;0;258,15;0;9,64E-03;3,56E-04;9;0;0;0;0;0;6,988091111;0;1093,139017;0;29,93306667
04.03.2021 11:47;47,5;38,25;0;258,15;0;3,04E-03;6,96E-03;9;0;0;0;0;0;6,984237778;0;1092,9555;0;29,92553333
04.03.2021 11:52;47,58333333;38,25;0;258,15;0;6,96E-03;2,69E-03;9;0;0;0;0;0;6,980913333;0;1092,9555;0;29,9365
04.03.2021 11:57;47,66666667;38,25;0;258,15;0;2,69E-03;3,56E-04;9;0;0;0;0;0;6,982086667;0;1092,9555;0;29,95096667
04.03.2021 12:02;47,75;38,25;0;258,15;0;0;7,31E-03;9;0;0;0;0;0;6,980664444;0;1092,97734;0;29,95571111
04.03.2021 12:07;47,83333333;38,25;0;258,15;0;0;0,01;9;0;0;0;0;0;6,977966667;0;923,6032448;0;29,96516667
04.03.2021 12:12;47,91666667;;;;;;;;;;;;;;;;;
